<?xml version="1.0"?>
<VTKFile type="UnstructuredGrid" version="0.1" byte_order="LittleEndian">
  <UnstructuredGrid>
    <Piece NumberOfPoints="2601" NumberOfCells="5000">
      <PointData Scalars="u">
        <DataArray type="Float64" Name="u" NumberOfComponents="1" format="ascii">
          5.8086 6.18974 1.79255 1.56938 5.79176 5.85576 5.92051 5.98359 6.04492 6.10444 6.16208 6.21778 6.27147 6.3231 6.3726 6.41992 6.46501 6.50782 6.54829 6.58637 6.62203 6.65522 6.6859 6.71404 6.7396 6.76256 6.78288 6.80054 6.81552 6.82781 6.83738 6.84423 6.84834 6.84972 6.84836 6.84427 6.83744 6.82788 6.81562 6.80066 6.78301 6.76271 6.73978 6.71423 6.68611 6.65545 6.62228 6.58663 6.54856 6.50811 6.46533 6.42025 6.38354 6.20852 6.11949 6.01638 5.91265 5.80837 5.70366 5.59859 5.49327 5.38777 5.28218 5.17659 5.07109 4.96575 4.86065 4.75588 4.6515 4.5476 4.44424 4.34149 4.23942 4.1381 4.03758 3.93793 3.83921 3.74146 3.64475 3.54911 3.4546 3.36127 3.26915 3.17828 3.0887 3.00045 2.91356 2.82805 2.74395 2.66129 2.58008 2.50036 2.42213 2.34541 2.27021 2.19654 2.12442 2.05384 1.98481 1.91734 1.85142 1.79429 1.57747 1.59656 1.61422 1.63142 1.64815 1.66438 1.6801 1.69528 1.70993 1.72401 1.73751 1.75041 1.76271 1.77438 1.78542 1.79581 1.80553 1.81459 1.82296 1.83063 1.8376 1.84387 1.84941 1.85423 1.85832 1.86167 1.86428 1.86615 1.86728 1.86766 1.86729 1.86618 1.86432 1.86172 1.85838 1.8543 1.84949 1.84396 1.83771 1.83075 1.82308 1.81473 1.80568 1.79597 1.78559 1.77457 1.7629 1.75061 1.74242 5.62352 5.53694 5.44363 5.34976 5.25541 5.16065 5.06558 4.97027 4.87481 4.77927 4.68372 4.58826 4.49294 4.39784 4.30303 4.20859 4.11457 4.02105 3.92807 3.83572 3.74404 3.65309 3.56292 3.47359 3.38515 3.29764 3.2111 3.12559 3.04114 2.95779 2.87557 2.79452 2.71467 2.63605 2.55868 2.48258 2.40779 2.33432 2.26218 2.1914 2.12199 2.05395 1.98729 1.92204 1.85818 1.79572 1.73467 1.67503 1.6217 5.69658 5.76197 5.82569 5.88776 5.9481 6.00667 6.06339 6.11819 6.17102 6.22182 6.27054 6.3171 6.36147 6.40359 6.44341 6.48088 6.51597 6.54863 6.57882 6.60651 6.63166 6.65425 6.67425 6.69162 6.70637 6.71845 6.72787 6.73461 6.73866 6.74002 6.73868 6.73465 6.72793 6.71853 6.70646 6.69174 6.67438 6.6544 6.63183 6.6067 6.57903 6.54886 6.51622 6.48114 6.44369 6.40388 6.36178 6.31743 6.27088 5.60292 5.66714 5.72981 5.79086 5.85021 5.90781 5.9636 6.0175 6.06946 6.11943 6.16734 6.21314 6.25677 6.2982 6.33737 6.37422 6.40874 6.44086 6.47055 6.49778 6.52252 6.54474 6.56441 6.5815 6.596 6.60789 6.61715 6.62378 6.62776 6.6291 6.62778 6.62382 6.61721 6.60797 6.5961 6.58161 6.56454 6.54489 6.5227 6.49798 6.47076 6.44108 6.40898 6.37449 6.33765 6.2985 6.25709 6.21347 6.16768 5.5085 5.57164 5.63326 5.69327 5.75163 5.80826 5.8631 5.9161 5.96719 6.01631 6.06341 6.10844 6.15134 6.19207 6.23058 6.26681 6.30074 6.33232 6.36152 6.38829 6.41262 6.43446 6.45379 6.4706 6.48485 6.49654 6.50565 6.51217 6.51608 6.5174 6.5161 6.51221 6.50571 6.49662 6.48495 6.47071 6.45393 6.43461 6.41279 6.38849 6.36173 6.33255 6.30099 6.26708 6.23086 6.19237 6.15166 6.10877 6.06376 5.41351 5.47557 5.53612 5.5951 5.65245 5.7081 5.762 5.81408 5.86429 5.91257 5.95886 6.00311 6.04527 6.0853 6.12314 6.15875 6.1921 6.22313 6.25182 6.27814 6.30204 6.3235 6.34251 6.35902 6.37303 6.38452 6.39347 6.39988 6.40372 6.40501 6.40374 6.39991 6.39353 6.3846 6.37313 6.35914 6.34264 6.32366 6.30221 6.27833 6.25204 6.22336 6.19234 6.15902 6.12342 6.0856 6.04559 6.00344 5.95921 5.31803 5.37899 5.43847 5.49642 5.55276 5.60743 5.66038 5.71154 5.76086 5.80829 5.85376 5.89723 5.93865 5.97797 6.01515 6.05013 6.08289 6.11338 6.14156 6.16741 6.19089 6.21198 6.23065 6.24687 6.26064 6.27192 6.28071 6.28701 6.29079 6.29206 6.29081 6.28705 6.28077 6.272 6.26073 6.24699 6.23079 6.21214 6.19107 6.16761 6.14178 6.11361 6.08314 6.0504 6.01543 5.97827 5.93897 5.89757 5.85411 5.22215 5.28201 5.34042 5.39732 5.45264 5.50633 5.55832 5.60856 5.657 5.70357 5.74822 5.79091 5.83158 5.87019 5.9067 5.94105 5.97322 6.00316 6.03084 6.05622 6.07928 6.09998 6.11832 6.13425 6.14776 6.15884 6.16748 6.17366 6.17737 6.17862 6.17739 6.1737 6.16754 6.15892 6.14786 6.13437 6.11845 6.10014 6.07945 6.05641 6.03105 6.00339 5.97347 5.94132 5.90698 5.8705 5.8319 5.79125 5.74857 5.12595 5.1847 5.24204 5.29789 5.35219 5.40489 5.45592 5.50524 5.55278 5.59849 5.64233 5.68423 5.72415 5.76205 5.79788 5.83161 5.86318 5.89257 5.91974 5.94465 5.96729 5.98761 6.00561 6.02124 6.03451 6.04539 6.05387 6.05993 6.06358 6.0648 6.0636 6.05997 6.05393 6.04547 6.03461 6.02136 6.00574 5.98777 5.96746 5.94485 5.91995 5.8928 5.86343 5.83188 5.79817 5.76236 5.72447 5.68457 5.64268 5.0295 5.08715 5.14341 5.19821 5.25149 5.3032 5.35327 5.40166 5.44831 5.49316 5.53617 5.57728 5.61646 5.65364 5.6888 5.72189 5.75287 5.7817 5.80836 5.83281 5.85502 5.87496 5.89262 5.90796 5.92098 5.93165 5.93997 5.94592 5.9495 5.9507 5.94952 5.94596 5.94003 5.93173 5.92108 5.90808 5.89275 5.87512 5.8552 5.83301 5.80858 5.78194 5.75312 5.72216 5.68909 5.65395 5.61678 5.57762 5.53652 4.9329 4.98945 5.04462 5.09837 5.15063 5.20134 5.25045 5.29791 5.34366 5.38766 5.42984 5.47016 5.50858 5.54506 5.57954 5.61199 5.64238 5.67066 5.6968 5.72078 5.74256 5.76212 5.77944 5.79449 5.80726 5.81773 5.82588 5.83172 5.83523 5.83641 5.83525 5.83176 5.82594 5.81781 5.80736 5.79461 5.77958 5.76228 5.74274 5.72098 5.69702 5.67089 5.64263 5.61226 5.57983 5.54536 5.5089 5.4705 5.43019 4.83622 4.89166 4.94575 4.99844 5.04968 5.0994 5.14755 5.19408 5.23893 5.28206 5.32342 5.36295 5.40062 5.43638 5.47019 5.502 5.53179 5.55952 5.58515 5.60866 5.63002 5.6492 5.66617 5.68093 5.69345 5.70371 5.71171 5.71743 5.72087 5.72202 5.72089 5.71747 5.71177 5.70379 5.69355 5.68105 5.66631 5.64935 5.6302 5.60886 5.58537 5.55976 5.53205 5.50227 5.47047 5.43668 5.40094 5.36329 5.32377 4.73954 4.79387 4.84688 4.89852 4.94873 4.99746 5.04465 5.09025 5.1342 5.17647 5.217 5.25574 5.29266 5.3277 5.36083 5.39202 5.42121 5.44838 5.4735 5.49654 5.51747 5.53627 5.5529 5.56736 5.57963 5.58969 5.59753 5.60314 5.60651 5.60764 5.60653 5.60318 5.59759 5.58977 5.57973 5.56748 5.55304 5.53643 5.51765 5.49674 5.47372 5.44862 5.42146 5.39229 5.36112 5.32801 5.29298 5.25608 5.21735 4.64293 4.69615 4.74809 4.79867 4.84786 4.8956 4.94182 4.98649 5.02956 5.07096 5.11066 5.14862 5.18478 5.21911 5.25157 5.28211 5.31071 5.33733 5.36194 5.38451 5.40501 5.42343 5.43972 5.45389 5.46591 5.47576 5.48344 5.48893 5.49224 5.49335 5.49226 5.48897 5.4835 5.47584 5.46601 5.45401 5.43986 5.42358 5.40519 5.38471 5.36216 5.33757 5.31097 5.28238 5.25186 5.21942 5.1851 5.14896 5.11102 4.54648 4.59859 4.64945 4.69898 4.74715 4.79389 4.83916 4.8829 4.92507 4.96562 5.00449 5.04166 5.07707 5.11069 5.14247 5.17238 5.20039 5.22646 5.25055 5.27265 5.29273 5.31076 5.32672 5.34059 5.35236 5.36201 5.36953 5.37491 5.37814 5.37923 5.37816 5.37495 5.36959 5.36209 5.35246 5.34071 5.32686 5.31092 5.29291 5.27285 5.25077 5.22669 5.20064 5.17265 5.14276 5.11099 5.07739 5.042 5.00485 4.45025 4.50126 4.55104 4.59953 4.64667 4.69243 4.73674 4.77955 4.82083 4.86052 4.89857 4.93495 4.96961 5.00252 5.03363 5.06291 5.09032 5.11584 5.13942 5.16106 5.18071 5.19836 5.21398 5.22756 5.23908 5.24852 5.25588 5.26115 5.26432 5.26538 5.26434 5.26119 5.25594 5.2486 5.23918 5.22768 5.21412 5.19851 5.18089 5.16125 5.13964 5.11607 5.09057 5.06318 5.03392 5.00282 4.96993 4.93529 4.89892 4.35431 4.40423 4.45293 4.50037 4.5465 4.59127 4.63463 4.67652 4.7169 4.75574 4.79297 4.82857 4.86248 4.89468 4.92512 4.95377 4.98059 5.00556 5.02864 5.0498 5.06903 5.0863 5.10158 5.11487 5.12614 5.13538 5.14259 5.14774 5.15084 5.15188 5.15086 5.14778 5.14264 5.13546 5.12624 5.11499 5.10172 5.08646 5.06921 5.05 5.02885 5.00579 4.98084 4.95404 4.92541 4.89498 4.8628 4.8289 4.79332 4.25874 4.30756 4.3552 4.4016 4.44672 4.4905 4.5329 4.57388 4.61338 4.65136 4.68778 4.72259 4.75576 4.78725 4.81702 4.84504 4.87128 4.89569 4.91827 4.93897 4.95778 4.97467 4.98962 5.00261 5.01363 5.02267 5.02972 5.03476 5.03779 5.03881 5.03781 5.0348 5.02978 5.02275 5.01373 5.00273 4.98975 4.97482 4.95795 4.93916 4.91848 4.89593 4.87153 4.84531 4.81731 4.78755 4.75608 4.72293 4.68813 4.1636 4.21133 4.2579 4.30327 4.34738 4.39019 4.43164 4.4717 4.51032 4.54745 4.58306 4.61709 4.64952 4.68031 4.70942 4.73681 4.76246 4.78633 4.8084 4.82864 4.84703 4.86354 4.87815 4.89086 4.90164 4.91047 4.91736 4.92229 4.92525 4.92625 4.92527 4.92233 4.91742 4.91055 4.90174 4.89098 4.87829 4.86369 4.8472 4.82883 4.80861 4.78656 4.76271 4.73708 4.7097 4.68061 4.64984 4.61743 4.5834 4.06896 4.11561 4.16112 4.20545 4.24856 4.2904 4.33091 4.37006 4.4078 4.44409 4.47888 4.51215 4.54384 4.57393 4.60237 4.62914 4.65421 4.67754 4.69911 4.71889 4.73686 4.75299 4.76728 4.77969 4.79023 4.79886 4.80559 4.81041 4.8133 4.81428 4.81332 4.81045 4.80565 4.79894 4.79032 4.77981 4.76741 4.75315 4.73703 4.71908 4.69932 4.67777 4.65445 4.62941 4.60265 4.57423 4.54415 4.51248 4.47923 3.97489 4.02045 4.06491 4.10822 4.15033 4.1912 4.23078 4.26902 4.30589 4.34134 4.37533 4.40782 4.43878 4.46817 4.49596 4.52211 4.5466 4.56939 4.59046 4.60978 4.62734 4.6431 4.65706 4.66919 4.67947 4.68791 4.69449 4.69919 4.70202 4.70297 4.70204 4.69923 4.69455 4.68799 4.67957 4.6693 4.65719 4.64326 4.62751 4.60998 4.59067 4.56962 4.54685 4.52238 4.49624 4.46847 4.4391 4.40815 4.37567 3.88143 3.92592 3.96934 4.01163 4.05275 4.09266 4.13131 4.16865 4.20465 4.23927 4.27246 4.30419 4.33442 4.36312 4.39026 4.4158 4.43971 4.46196 4.48254 4.5014 4.51855 4.53394 4.54757 4.55941 4.56946 4.5777 4.58412 4.58871 4.59147 4.5924 4.59149 4.58875 4.58417 4.57777 4.56955 4.55953 4.5477 4.53409 4.51872 4.50159 4.48274 4.46219 4.43995 4.41606 4.39054 4.36342 4.33473 4.30452 4.2728 3.78866 3.83209 3.87446 3.91575 3.95588 3.99484 4.03256 4.06901 4.10415 4.13794 4.17034 4.20131 4.23082 4.25884 4.28532 4.31025 4.33359 4.35531 4.3754 4.39382 4.41055 4.42557 4.43887 4.45043 4.46024 4.46828 4.47455 4.47904 4.48173 4.48264 4.48175 4.47908 4.47461 4.46836 4.46034 4.45055 4.43901 4.42572 4.41072 4.394 4.3756 4.35554 4.33383 4.31051 4.2856 4.25913 4.23113 4.20164 4.17068 3.69662 3.739 3.78035 3.82062 3.85979 3.89779 3.9346 3.97017 4.00446 4.03742 4.06904 4.09926 4.12805 4.15538 4.18123 4.20555 4.22832 4.24952 4.26911 4.28708 4.30341 4.31807 4.33105 4.34233 4.3519 4.35974 4.36586 4.37024 4.37287 4.37375 4.37289 4.37027 4.36592 4.35982 4.35199 4.34244 4.33118 4.31822 4.30358 4.28727 4.26932 4.24974 4.22856 4.20581 4.1815 4.15567 4.12836 4.09958 4.06937 3.60538 3.64671 3.68704 3.72632 3.76452 3.80159 3.83749 3.87218 3.90562 3.93777 3.9686 3.99808 4.02616 4.05282 4.07803 4.10175 4.12396 4.14463 4.16374 4.18127 4.19719 4.21149 4.22415 4.23515 4.24449 4.25214 4.2581 4.26237 4.26494 4.2658 4.26496 4.26241 4.25816 4.25222 4.24458 4.23527 4.22428 4.21164 4.19736 4.18146 4.16395 4.14485 4.1242 4.102 4.0783 4.05311 4.02647 3.9984 3.96894 3.51499 3.55528 3.5946 3.6329 3.67014 3.70628 3.74128 3.77509 3.8077 3.83905 3.8691 3.89784 3.92522 3.95121 3.97579 3.99891 4.02057 4.04072 4.05935 4.07644 4.09196 4.1059 4.11825 4.12897 4.13807 4.14553 4.15135 4.15551 4.15801 4.15885 4.15803 4.15555 4.15141 4.14561 4.13817 4.12908 4.11838 4.10605 4.09213 4.07662 4.05955 4.04094 4.0208 3.99916 3.97605 3.9515 3.92552 3.89816 3.86944 3.42549 3.46476 3.50307 3.5404 3.57669 3.61191 3.64602 3.67897 3.71075 3.7413 3.77059 3.7986 3.82528 3.85061 3.87456 3.89709 3.9182 3.93784 3.956 3.97265 3.98778 4.00136 4.01339 4.02384 4.03271 4.03998 4.04565 4.04971 4.05215 4.05297 4.05217 4.04974 4.04571 4.04006 4.03281 4.02396 4.01352 4.00151 3.98794 3.97283 3.9562 3.93806 3.91843 3.89734 3.87482 3.85089 3.82558 3.79891 3.77092 3.33694 3.37519 3.41251 3.44887 3.48423 3.51854 3.55176 3.58387 3.61482 3.64458 3.67312 3.7004 3.72639 3.75107 3.7744 3.79635 3.81691 3.83604 3.85373 3.86995 3.88469 3.89793 3.90964 3.91983 3.92847 3.93555 3.94107 3.94502 3.9474 3.9482 3.94742 3.94506 3.94112 3.93562 3.92856 3.91994 3.90977 3.89807 3.88485 3.87013 3.85393 3.83626 3.81714 3.7966 3.77466 3.75135 3.72669 3.70071 3.67344 3.24937 3.28662 3.32297 3.35837 3.3928 3.42621 3.45856 3.48983 3.51997 3.54895 3.57673 3.6033 3.62861 3.65264 3.67535 3.69673 3.71675 3.73538 3.75261 3.76841 3.78276 3.79564 3.80705 3.81697 3.82538 3.83228 3.83766 3.8415 3.84382 3.8446 3.84384 3.84154 3.83771 3.83235 3.82547 3.81708 3.80718 3.79579 3.78292 3.76858 3.7528 3.7356 3.71698 3.69698 3.67561 3.65291 3.6289 3.6036 3.57705 3.16284 3.1991 3.23448 3.26894 3.30245 3.33497 3.36646 3.39689 3.42623 3.45444 3.48149 3.50734 3.53198 3.55537 3.57748 3.59829 3.61778 3.63591 3.65268 3.66806 3.68202 3.69457 3.70567 3.71533 3.72351 3.73023 3.73546 3.73921 3.74146 3.74222 3.74148 3.73924 3.73552 3.7303 3.7236 3.71543 3.7058 3.69471 3.68218 3.66823 3.65287 3.63612 3.618 3.59853 3.57774 3.55564 3.53227 3.50765 3.4818 3.07738 3.11266 3.14708 3.18062 3.21322 3.24486 3.2755 3.30511 3.33366 3.3611 3.38742 3.41258 3.43655 3.45931 3.48082 3.50107 3.52003 3.53767 3.55399 3.56895 3.58254 3.59475 3.60555 3.61494 3.62291 3.62944 3.63454 3.63818 3.64037 3.64111 3.64039 3.63822 3.63459 3.62952 3.623 3.61505 3.60567 3.59489 3.5827 3.56912 3.55418 3.53788 3.52025 3.50131 3.48108 3.45958 3.43683 3.41288 3.38773 2.99304 3.02735 3.06083 3.09344 3.12515 3.15592 3.18573 3.21453 3.24229 3.26898 3.29458 3.31905 3.34236 3.36449 3.38542 3.40511 3.42355 3.44072 3.45658 3.47113 3.48435 3.49622 3.50673 3.51587 3.52362 3.52997 3.53492 3.53847 3.5406 3.54132 3.54062 3.5385 3.53498 3.53004 3.5237 3.51597 3.50685 3.49636 3.48451 3.4713 3.45677 3.44092 3.42377 3.40535 3.38567 3.36476 3.34264 3.31934 3.29489 2.90984 2.9432 2.97575 3.00745 3.03828 3.0682 3.09717 3.12517 3.15216 3.17811 3.203 3.22679 3.24946 3.27097 3.29132 3.31046 3.32839 3.34508 3.3605 3.37465 3.3875 3.39904 3.40926 3.41814 3.42567 3.43185 3.43667 3.44011 3.44218 3.44288 3.4422 3.44015 3.43672 3.43192 3.42576 3.41824 3.40938 3.39918 3.38765 3.37482 3.36069 3.34528 3.32861 3.3107 3.29156 3.27124 3.24973 3.22708 3.2033 2.82782 2.86024 2.89187 2.92269 2.95265 2.98172 3.00988 3.03709 3.06332 3.08854 3.11272 3.13584 3.15787 3.17878 3.19855 3.21716 3.23458 3.25079 3.26579 3.27953 3.29202 3.30324 3.31317 3.3218 3.32912 3.33513 3.3398 3.34315 3.34517 3.34584 3.34518 3.34319 3.33986 3.33519 3.32921 3.3219 3.31329 3.30337 3.29217 3.2797 3.26597 3.25099 3.23479 3.21739 3.19879 3.17904 3.15814 3.13613 3.11302 2.74702 2.77851 2.80924 2.83917 2.86828 2.89652 2.92387 2.95031 2.97579 3.00029 3.02378 3.04624 3.06764 3.08795 3.10716 3.12523 3.14215 3.15791 3.17247 3.18583 3.19796 3.20885 3.2185 3.22688 3.234 3.23983 3.24438 3.24763 3.24959 3.25024 3.2496 3.24766 3.24443 3.2399 3.23408 3.22698 3.21862 3.20899 3.19811 3.18599 3.17265 3.1581 3.14237 3.12546 3.1074 3.0882 3.0679 3.04652 3.02408 2.66746 2.69804 2.72788 2.75694 2.7852 2.81263 2.83919 2.86486 2.8896 2.91339 2.9362 2.95801 2.97879 2.99852 3.01717 3.03472 3.05115 3.06645 3.08059 3.09356 3.10534 3.11592 3.12529 3.13343 3.14033 3.146 3.15041 3.15357 3.15547 3.15611 3.15549 3.1536 3.15046 3.14606 3.14042 3.13353 3.1254 3.11605 3.10549 3.09372 3.08077 3.06664 3.05136 3.03494 3.0174 2.99877 2.97906 2.95829 2.9365 2.58917 2.61885 2.64781 2.67602 2.70346 2.73008 2.75586 2.78077 2.80479 2.82788 2.85003 2.87119 2.89136 2.91051 2.92861 2.94565 2.9616 2.97645 2.99017 3.00276 3.0142 3.02447 3.03356 3.04146 3.04817 3.05366 3.05795 3.06102 3.06286 3.06348 3.06288 3.06105 3.058 3.05373 3.04825 3.04156 3.03367 3.0246 3.01434 3.00292 2.99035 2.97664 2.9618 2.94587 2.92884 2.91076 2.89162 2.87147 2.85031 2.51217 2.54097 2.56907 2.59644 2.62306 2.64889 2.6739 2.69808 2.72138 2.74379 2.76527 2.78581 2.80538 2.82396 2.84152 2.85805 2.87353 2.88793 2.90125 2.91347 2.92456 2.93453 2.94335 2.95102 2.95752 2.96285 2.96701 2.96999 2.97178 2.97238 2.97179 2.97002 2.96706 2.96292 2.9576 2.95111 2.94346 2.93465 2.9247 2.91362 2.90142 2.88812 2.87373 2.85826 2.84175 2.8242 2.80563 2.78608 2.76555 2.43649 2.46442 2.49167 2.51822 2.54404 2.56909 2.59335 2.61679 2.63939 2.66112 2.68196 2.70188 2.72086 2.73888 2.75592 2.77195 2.78696 2.80093 2.81385 2.82569 2.83646 2.84612 2.85468 2.86211 2.86842 2.8736 2.87763 2.88051 2.88225 2.88283 2.88227 2.88055 2.87767 2.87366 2.8685 2.86221 2.85478 2.84624 2.83659 2.82585 2.81402 2.80111 2.78716 2.77216 2.75614 2.73912 2.72111 2.70215 2.68224 2.36214 2.38922 2.41564 2.44138 2.46641 2.49069 2.51422 2.53694 2.55885 2.57992 2.60012 2.61944 2.63784 2.65531 2.67182 2.68736 2.70192 2.71546 2.72799 2.73947 2.74991 2.75927 2.76757 2.77478 2.7809 2.78591 2.78982 2.79262 2.7943 2.79487 2.79432 2.79265 2.78987 2.78597 2.78097 2.77487 2.76768 2.7594 2.75004 2.73962 2.72815 2.71564 2.70211 2.68757 2.67204 2.65554 2.63808 2.6197 2.6004 2.28914 2.31539 2.34099 2.36594 2.39019 2.41373 2.43652 2.45855 2.47978 2.5002 2.51978 2.53849 2.55632 2.57325 2.58926 2.60432 2.61842 2.63155 2.64369 2.65482 2.66493 2.67401 2.68205 2.68904 2.69496 2.69982 2.70361 2.70632 2.70796 2.7085 2.70797 2.70635 2.70366 2.69988 2.69504 2.68913 2.68215 2.67413 2.66506 2.65497 2.64385 2.63173 2.61861 2.60452 2.58947 2.57348 2.55657 2.53875 2.52004 2.21752 2.24294 2.26774 2.29191 2.3154 2.3382 2.36028 2.38162 2.40219 2.42197 2.44094 2.45907 2.47634 2.49274 2.50824 2.52283 2.5365 2.54921 2.56097 2.57175 2.58155 2.59034 2.59813 2.6049 2.61064 2.61535 2.61902 2.62165 2.62323 2.62376 2.62324 2.62168 2.61907 2.61541 2.61072 2.60499 2.59823 2.59046 2.58168 2.5719 2.56113 2.54939 2.53668 2.52303 2.50846 2.49296 2.47658 2.45932 2.4412 2.14727 2.17189 2.19591 2.21931 2.24206 2.26414 2.28552 2.30618 2.3261 2.34525 2.36362 2.38117 2.3979 2.41378 2.42879 2.44292 2.45615 2.46846 2.47985 2.49029 2.49977 2.50829 2.51583 2.52239 2.52795 2.53251 2.53606 2.53861 2.54014 2.54065 2.54015 2.53863 2.5361 2.53257 2.52802 2.52247 2.51593 2.50841 2.4999 2.49043 2.48 2.46863 2.45633 2.44312 2.429 2.414 2.39813 2.38142 2.36387 2.07842 2.10225 2.1255 2.14815 2.17017 2.19154 2.21224 2.23224 2.25152 2.27005 2.28783 2.30482 2.32101 2.33638 2.35092 2.36459 2.3774 2.38932 2.40034 2.41044 2.41962 2.42787 2.43517 2.44151 2.44689 2.45131 2.45475 2.45721 2.45869 2.45919 2.45871 2.45724 2.45479 2.45136 2.44696 2.4416 2.43527 2.42798 2.41975 2.41058 2.40049 2.38948 2.37758 2.36478 2.35112 2.3366 2.32124 2.30506 2.28808 2.01098 2.03403 2.05653 2.07844 2.09975 2.12042 2.14045 2.1598 2.17845 2.19639 2.21359 2.23003 2.2457 2.26057 2.27463 2.28786 2.30025 2.31178 2.32245 2.33222 2.34111 2.34908 2.35615 2.36228 2.36749 2.37176 2.37509 2.37747 2.37891 2.37939 2.37892 2.3775 2.37513 2.37182 2.36756 2.36237 2.35624 2.34919 2.34123 2.33236 2.3226 2.31195 2.30043 2.28805 2.27483 2.26078 2.24592 2.23027 2.21384 1.94494 1.96724 1.989 2.01019 2.0308 2.0508 2.07016 2.08888 2.10692 2.12427 2.1409 2.1568 2.17195 2.18634 2.19994 2.21274 2.22472 2.23587 2.24618 2.25564 2.26423 2.27195 2.27878 2.28472 2.28975 2.29388 2.2971 2.29941 2.30079 2.30126 2.30081 2.29943 2.29714 2.29394 2.28982 2.2848 2.27887 2.27206 2.26435 2.25577 2.24633 2.23603 2.22489 2.21292 2.20013 2.18655 2.17217 2.15703 2.14114 1.88032 1.90188 1.92291 1.9434 1.96333 1.98266 2.00138 2.01948 2.03692 2.05369 2.06977 2.08515 2.09979 2.1137 2.12685 2.13922 2.15081 2.16159 2.17156 2.1807 2.18901 2.19647 2.20307 2.20881 2.21368 2.21767 2.22078 2.22301 2.22435 2.2248 2.22437 2.22304 2.22082 2.21773 2.21375 2.20889 2.20316 2.19657 2.18912 2.18083 2.1717 2.16174 2.15097 2.1394 2.12704 2.1139 2.10001 2.08537 2.07001 1.81712 1.83796 1.85828 1.87808 1.89734 1.91602 1.93412 1.9516 1.96846 1.98466 2.00021 2.01506 2.02922 2.04266 2.05536 2.06732 2.07852 2.08894 2.09857 2.10741 2.11543 2.12264 2.12902 2.13457 2.13928 2.14314 2.14614 2.1483 2.14959 2.15003 2.14961 2.14832 2.14618 2.14319 2.13934 2.13465 2.12911 2.12275 2.11555 2.10754 2.09871 2.08909 2.07868 2.0675 2.05555 2.04286 2.02943 2.01528 2.00044 1.75535 1.77547 1.79511 1.81423 1.83283 1.85088 1.86836 1.88525 1.90154 1.91719 1.93221 1.94656 1.96023 1.97321 1.98549 1.99704 2.00785 2.01792 2.02723 2.03576 2.04352 2.05048 2.05665 2.062 2.06655 2.07028 2.07318 2.07526 2.07652 2.07694 2.07653 2.07529 2.07322 2.07033 2.06661 2.06208 2.05673 2.05058 2.04363 2.03589 2.02736 2.01807 2.00801 1.99721 1.98567 1.97341 1.96044 1.94677 1.93243 1.69499 1.71442 1.73339 1.75186 1.76982 1.78724 1.80412 1.82043 1.83616 1.85127 1.86577 1.87963 1.89283 1.90537 1.91722 1.92838 1.93882 1.94854 1.95753 1.96577 1.97326 1.97998 1.98593 1.99111 1.9955 1.9991 2.0019 2.00391 2.00512 2.00553 2.00513 2.00394 2.00194 1.99915 1.99556 1.99118 1.98602 1.98008 1.97337 1.96589 1.95766 1.94868 1.93898 1.92854 1.9174 1.90556 1.89303 1.87984 1.86599 1.63606 1.65482 1.67312 1.69095 1.70828 1.7251 1.74139 1.75714 1.77231 1.78691 1.8009 1.81428 1.82702 1.83912 1.85056 1.86133 1.87141 1.88079 1.88947 1.89742 1.90465 1.91114 1.91689 1.92188 1.92612 1.92959 1.9323 1.93424 1.93541 1.9358 1.93542 1.93426 1.93234 1.92964 1.92618 1.92195 1.91697 1.91124 1.90476 1.89754 1.8896 1.88093 1.87156 1.86149 1.85074 1.83931 1.82722 1.81448 1.80112 
        </DataArray>
      </PointData>
      <Points>
        <DataArray type="Float64" NumberOfComponents="3" format="ascii">
          0.25 0.5 0.0
          0.5 0.5 0.0
          0.5 0.75 0.0
          0.25 0.75 0.0
          0.255 0.5 0.0
          0.26 0.5 0.0
          0.265 0.5 0.0
          0.27 0.5 0.0
          0.275 0.5 0.0
          0.28 0.5 0.0
          0.285 0.5 0.0
          0.29 0.5 0.0
          0.295 0.5 0.0
          0.3 0.5 0.0
          0.305 0.5 0.0
          0.31 0.5 0.0
          0.315 0.5 0.0
          0.32 0.5 0.0
          0.325 0.5 0.0
          0.33 0.5 0.0
          0.335 0.5 0.0
          0.34 0.5 0.0
          0.345 0.5 0.0
          0.35 0.5 0.0
          0.355 0.5 0.0
          0.36 0.5 0.0
          0.365 0.5 0.0
          0.37 0.5 0.0
          0.375 0.5 0.0
          0.38 0.5 0.0
          0.385 0.5 0.0
          0.39 0.5 0.0
          0.395 0.5 0.0
          0.4 0.5 0.0
          0.405 0.5 0.0
          0.41 0.5 0.0
          0.415 0.5 0.0
          0.42 0.5 0.0
          0.425 0.5 0.0
          0.43 0.5 0.0
          0.435 0.5 0.0
          0.44 0.5 0.0
          0.445 0.5 0.0
          0.45 0.5 0.0
          0.455 0.5 0.0
          0.46 0.5 0.0
          0.465 0.5 0.0
          0.47 0.5 0.0
          0.475 0.5 0.0
          0.48 0.5 0.0
          0.485 0.5 0.0
          0.49 0.5 0.0
          0.495 0.5 0.0
          0.5 0.505 0.0
          0.5 0.51 0.0
          0.5 0.515 0.0
          0.5 0.52 0.0
          0.5 0.525 0.0
          0.5 0.53 0.0
          0.5 0.535 0.0
          0.5 0.54 0.0
          0.5 0.545 0.0
          0.5 0.55 0.0
          0.5 0.555 0.0
          0.5 0.56 0.0
          0.5 0.565 0.0
          0.5 0.57 0.0
          0.5 0.575 0.0
          0.5 0.58 0.0
          0.5 0.585 0.0
          0.5 0.59 0.0
          0.5 0.595 0.0
          0.5 0.6 0.0
          0.5 0.605 0.0
          0.5 0.61 0.0
          0.5 0.615 0.0
          0.5 0.62 0.0
          0.5 0.625 0.0
          0.5 0.63 0.0
          0.5 0.635 0.0
          0.5 0.64 0.0
          0.5 0.645 0.0
          0.5 0.65 0.0
          0.5 0.655 0.0
          0.5 0.66 0.0
          0.5 0.665 0.0
          0.5 0.67 0.0
          0.5 0.675 0.0
          0.5 0.68 0.0
          0.5 0.685 0.0
          0.5 0.69 0.0
          0.5 0.695 0.0
          0.5 0.7 0.0
          0.5 0.705 0.0
          0.5 0.71 0.0
          0.5 0.715 0.0
          0.5 0.72 0.0
          0.5 0.725 0.0
          0.5 0.73 0.0
          0.5 0.735 0.0
          0.5 0.74 0.0
          0.5 0.745 0.0
          0.255 0.75 0.0
          0.26 0.75 0.0
          0.265 0.75 0.0
          0.27 0.75 0.0
          0.275 0.75 0.0
          0.28 0.75 0.0
          0.285 0.75 0.0
          0.29 0.75 0.0
          0.295 0.75 0.0
          0.3 0.75 0.0
          0.305 0.75 0.0
          0.31 0.75 0.0
          0.315 0.75 0.0
          0.32 0.75 0.0
          0.325 0.75 0.0
          0.33 0.75 0.0
          0.335 0.75 0.0
          0.34 0.75 0.0
          0.345 0.75 0.0
          0.35 0.75 0.0
          0.355 0.75 0.0
          0.36 0.75 0.0
          0.365 0.75 0.0
          0.37 0.75 0.0
          0.375 0.75 0.0
          0.38 0.75 0.0
          0.385 0.75 0.0
          0.39 0.75 0.0
          0.395 0.75 0.0
          0.4 0.75 0.0
          0.405 0.75 0.0
          0.41 0.75 0.0
          0.415 0.75 0.0
          0.42 0.75 0.0
          0.425 0.75 0.0
          0.43 0.75 0.0
          0.435 0.75 0.0
          0.44 0.75 0.0
          0.445 0.75 0.0
          0.45 0.75 0.0
          0.455 0.75 0.0
          0.46 0.75 0.0
          0.465 0.75 0.0
          0.47 0.75 0.0
          0.475 0.75 0.0
          0.48 0.75 0.0
          0.485 0.75 0.0
          0.49 0.75 0.0
          0.495 0.75 0.0
          0.25 0.505 0.0
          0.25 0.51 0.0
          0.25 0.515 0.0
          0.25 0.52 0.0
          0.25 0.525 0.0
          0.25 0.53 0.0
          0.25 0.535 0.0
          0.25 0.54 0.0
          0.25 0.545 0.0
          0.25 0.55 0.0
          0.25 0.555 0.0
          0.25 0.56 0.0
          0.25 0.565 0.0
          0.25 0.57 0.0
          0.25 0.575 0.0
          0.25 0.58 0.0
          0.25 0.585 0.0
          0.25 0.59 0.0
          0.25 0.595 0.0
          0.25 0.6 0.0
          0.25 0.605 0.0
          0.25 0.61 0.0
          0.25 0.615 0.0
          0.25 0.62 0.0
          0.25 0.625 0.0
          0.25 0.63 0.0
          0.25 0.635 0.0
          0.25 0.64 0.0
          0.25 0.645 0.0
          0.25 0.65 0.0
          0.25 0.655 0.0
          0.25 0.66 0.0
          0.25 0.665 0.0
          0.25 0.67 0.0
          0.25 0.675 0.0
          0.25 0.68 0.0
          0.25 0.685 0.0
          0.25 0.69 0.0
          0.25 0.695 0.0
          0.25 0.7 0.0
          0.25 0.705 0.0
          0.25 0.71 0.0
          0.25 0.715 0.0
          0.25 0.72 0.0
          0.25 0.725 0.0
          0.25 0.73 0.0
          0.25 0.735 0.0
          0.25 0.74 0.0
          0.25 0.745 0.0
          0.255 0.505 0.0
          0.26 0.505 0.0
          0.265 0.505 0.0
          0.27 0.505 0.0
          0.275 0.505 0.0
          0.28 0.505 0.0
          0.285 0.505 0.0
          0.29 0.505 0.0
          0.295 0.505 0.0
          0.3 0.505 0.0
          0.305 0.505 0.0
          0.31 0.505 0.0
          0.315 0.505 0.0
          0.32 0.505 0.0
          0.325 0.505 0.0
          0.33 0.505 0.0
          0.335 0.505 0.0
          0.34 0.505 0.0
          0.345 0.505 0.0
          0.35 0.505 0.0
          0.355 0.505 0.0
          0.36 0.505 0.0
          0.365 0.505 0.0
          0.37 0.505 0.0
          0.375 0.505 0.0
          0.38 0.505 0.0
          0.385 0.505 0.0
          0.39 0.505 0.0
          0.395 0.505 0.0
          0.4 0.505 0.0
          0.405 0.505 0.0
          0.41 0.505 0.0
          0.415 0.505 0.0
          0.42 0.505 0.0
          0.425 0.505 0.0
          0.43 0.505 0.0
          0.435 0.505 0.0
          0.44 0.505 0.0
          0.445 0.505 0.0
          0.45 0.505 0.0
          0.455 0.505 0.0
          0.46 0.505 0.0
          0.465 0.505 0.0
          0.47 0.505 0.0
          0.475 0.505 0.0
          0.48 0.505 0.0
          0.485 0.505 0.0
          0.49 0.505 0.0
          0.495 0.505 0.0
          0.255 0.51 0.0
          0.26 0.51 0.0
          0.265 0.51 0.0
          0.27 0.51 0.0
          0.275 0.51 0.0
          0.28 0.51 0.0
          0.285 0.51 0.0
          0.29 0.51 0.0
          0.295 0.51 0.0
          0.3 0.51 0.0
          0.305 0.51 0.0
          0.31 0.51 0.0
          0.315 0.51 0.0
          0.32 0.51 0.0
          0.325 0.51 0.0
          0.33 0.51 0.0
          0.335 0.51 0.0
          0.34 0.51 0.0
          0.345 0.51 0.0
          0.35 0.51 0.0
          0.355 0.51 0.0
          0.36 0.51 0.0
          0.365 0.51 0.0
          0.37 0.51 0.0
          0.375 0.51 0.0
          0.38 0.51 0.0
          0.385 0.51 0.0
          0.39 0.51 0.0
          0.395 0.51 0.0
          0.4 0.51 0.0
          0.405 0.51 0.0
          0.41 0.51 0.0
          0.415 0.51 0.0
          0.42 0.51 0.0
          0.425 0.51 0.0
          0.43 0.51 0.0
          0.435 0.51 0.0
          0.44 0.51 0.0
          0.445 0.51 0.0
          0.45 0.51 0.0
          0.455 0.51 0.0
          0.46 0.51 0.0
          0.465 0.51 0.0
          0.47 0.51 0.0
          0.475 0.51 0.0
          0.48 0.51 0.0
          0.485 0.51 0.0
          0.49 0.51 0.0
          0.495 0.51 0.0
          0.255 0.515 0.0
          0.26 0.515 0.0
          0.265 0.515 0.0
          0.27 0.515 0.0
          0.275 0.515 0.0
          0.28 0.515 0.0
          0.285 0.515 0.0
          0.29 0.515 0.0
          0.295 0.515 0.0
          0.3 0.515 0.0
          0.305 0.515 0.0
          0.31 0.515 0.0
          0.315 0.515 0.0
          0.32 0.515 0.0
          0.325 0.515 0.0
          0.33 0.515 0.0
          0.335 0.515 0.0
          0.34 0.515 0.0
          0.345 0.515 0.0
          0.35 0.515 0.0
          0.355 0.515 0.0
          0.36 0.515 0.0
          0.365 0.515 0.0
          0.37 0.515 0.0
          0.375 0.515 0.0
          0.38 0.515 0.0
          0.385 0.515 0.0
          0.39 0.515 0.0
          0.395 0.515 0.0
          0.4 0.515 0.0
          0.405 0.515 0.0
          0.41 0.515 0.0
          0.415 0.515 0.0
          0.42 0.515 0.0
          0.425 0.515 0.0
          0.43 0.515 0.0
          0.435 0.515 0.0
          0.44 0.515 0.0
          0.445 0.515 0.0
          0.45 0.515 0.0
          0.455 0.515 0.0
          0.46 0.515 0.0
          0.465 0.515 0.0
          0.47 0.515 0.0
          0.475 0.515 0.0
          0.48 0.515 0.0
          0.485 0.515 0.0
          0.49 0.515 0.0
          0.495 0.515 0.0
          0.255 0.52 0.0
          0.26 0.52 0.0
          0.265 0.52 0.0
          0.27 0.52 0.0
          0.275 0.52 0.0
          0.28 0.52 0.0
          0.285 0.52 0.0
          0.29 0.52 0.0
          0.295 0.52 0.0
          0.3 0.52 0.0
          0.305 0.52 0.0
          0.31 0.52 0.0
          0.315 0.52 0.0
          0.32 0.52 0.0
          0.325 0.52 0.0
          0.33 0.52 0.0
          0.335 0.52 0.0
          0.34 0.52 0.0
          0.345 0.52 0.0
          0.35 0.52 0.0
          0.355 0.52 0.0
          0.36 0.52 0.0
          0.365 0.52 0.0
          0.37 0.52 0.0
          0.375 0.52 0.0
          0.38 0.52 0.0
          0.385 0.52 0.0
          0.39 0.52 0.0
          0.395 0.52 0.0
          0.4 0.52 0.0
          0.405 0.52 0.0
          0.41 0.52 0.0
          0.415 0.52 0.0
          0.42 0.52 0.0
          0.425 0.52 0.0
          0.43 0.52 0.0
          0.435 0.52 0.0
          0.44 0.52 0.0
          0.445 0.52 0.0
          0.45 0.52 0.0
          0.455 0.52 0.0
          0.46 0.52 0.0
          0.465 0.52 0.0
          0.47 0.52 0.0
          0.475 0.52 0.0
          0.48 0.52 0.0
          0.485 0.52 0.0
          0.49 0.52 0.0
          0.495 0.52 0.0
          0.255 0.525 0.0
          0.26 0.525 0.0
          0.265 0.525 0.0
          0.27 0.525 0.0
          0.275 0.525 0.0
          0.28 0.525 0.0
          0.285 0.525 0.0
          0.29 0.525 0.0
          0.295 0.525 0.0
          0.3 0.525 0.0
          0.305 0.525 0.0
          0.31 0.525 0.0
          0.315 0.525 0.0
          0.32 0.525 0.0
          0.325 0.525 0.0
          0.33 0.525 0.0
          0.335 0.525 0.0
          0.34 0.525 0.0
          0.345 0.525 0.0
          0.35 0.525 0.0
          0.355 0.525 0.0
          0.36 0.525 0.0
          0.365 0.525 0.0
          0.37 0.525 0.0
          0.375 0.525 0.0
          0.38 0.525 0.0
          0.385 0.525 0.0
          0.39 0.525 0.0
          0.395 0.525 0.0
          0.4 0.525 0.0
          0.405 0.525 0.0
          0.41 0.525 0.0
          0.415 0.525 0.0
          0.42 0.525 0.0
          0.425 0.525 0.0
          0.43 0.525 0.0
          0.435 0.525 0.0
          0.44 0.525 0.0
          0.445 0.525 0.0
          0.45 0.525 0.0
          0.455 0.525 0.0
          0.46 0.525 0.0
          0.465 0.525 0.0
          0.47 0.525 0.0
          0.475 0.525 0.0
          0.48 0.525 0.0
          0.485 0.525 0.0
          0.49 0.525 0.0
          0.495 0.525 0.0
          0.255 0.53 0.0
          0.26 0.53 0.0
          0.265 0.53 0.0
          0.27 0.53 0.0
          0.275 0.53 0.0
          0.28 0.53 0.0
          0.285 0.53 0.0
          0.29 0.53 0.0
          0.295 0.53 0.0
          0.3 0.53 0.0
          0.305 0.53 0.0
          0.31 0.53 0.0
          0.315 0.53 0.0
          0.32 0.53 0.0
          0.325 0.53 0.0
          0.33 0.53 0.0
          0.335 0.53 0.0
          0.34 0.53 0.0
          0.345 0.53 0.0
          0.35 0.53 0.0
          0.355 0.53 0.0
          0.36 0.53 0.0
          0.365 0.53 0.0
          0.37 0.53 0.0
          0.375 0.53 0.0
          0.38 0.53 0.0
          0.385 0.53 0.0
          0.39 0.53 0.0
          0.395 0.53 0.0
          0.4 0.53 0.0
          0.405 0.53 0.0
          0.41 0.53 0.0
          0.415 0.53 0.0
          0.42 0.53 0.0
          0.425 0.53 0.0
          0.43 0.53 0.0
          0.435 0.53 0.0
          0.44 0.53 0.0
          0.445 0.53 0.0
          0.45 0.53 0.0
          0.455 0.53 0.0
          0.46 0.53 0.0
          0.465 0.53 0.0
          0.47 0.53 0.0
          0.475 0.53 0.0
          0.48 0.53 0.0
          0.485 0.53 0.0
          0.49 0.53 0.0
          0.495 0.53 0.0
          0.255 0.535 0.0
          0.26 0.535 0.0
          0.265 0.535 0.0
          0.27 0.535 0.0
          0.275 0.535 0.0
          0.28 0.535 0.0
          0.285 0.535 0.0
          0.29 0.535 0.0
          0.295 0.535 0.0
          0.3 0.535 0.0
          0.305 0.535 0.0
          0.31 0.535 0.0
          0.315 0.535 0.0
          0.32 0.535 0.0
          0.325 0.535 0.0
          0.33 0.535 0.0
          0.335 0.535 0.0
          0.34 0.535 0.0
          0.345 0.535 0.0
          0.35 0.535 0.0
          0.355 0.535 0.0
          0.36 0.535 0.0
          0.365 0.535 0.0
          0.37 0.535 0.0
          0.375 0.535 0.0
          0.38 0.535 0.0
          0.385 0.535 0.0
          0.39 0.535 0.0
          0.395 0.535 0.0
          0.4 0.535 0.0
          0.405 0.535 0.0
          0.41 0.535 0.0
          0.415 0.535 0.0
          0.42 0.535 0.0
          0.425 0.535 0.0
          0.43 0.535 0.0
          0.435 0.535 0.0
          0.44 0.535 0.0
          0.445 0.535 0.0
          0.45 0.535 0.0
          0.455 0.535 0.0
          0.46 0.535 0.0
          0.465 0.535 0.0
          0.47 0.535 0.0
          0.475 0.535 0.0
          0.48 0.535 0.0
          0.485 0.535 0.0
          0.49 0.535 0.0
          0.495 0.535 0.0
          0.255 0.54 0.0
          0.26 0.54 0.0
          0.265 0.54 0.0
          0.27 0.54 0.0
          0.275 0.54 0.0
          0.28 0.54 0.0
          0.285 0.54 0.0
          0.29 0.54 0.0
          0.295 0.54 0.0
          0.3 0.54 0.0
          0.305 0.54 0.0
          0.31 0.54 0.0
          0.315 0.54 0.0
          0.32 0.54 0.0
          0.325 0.54 0.0
          0.33 0.54 0.0
          0.335 0.54 0.0
          0.34 0.54 0.0
          0.345 0.54 0.0
          0.35 0.54 0.0
          0.355 0.54 0.0
          0.36 0.54 0.0
          0.365 0.54 0.0
          0.37 0.54 0.0
          0.375 0.54 0.0
          0.38 0.54 0.0
          0.385 0.54 0.0
          0.39 0.54 0.0
          0.395 0.54 0.0
          0.4 0.54 0.0
          0.405 0.54 0.0
          0.41 0.54 0.0
          0.415 0.54 0.0
          0.42 0.54 0.0
          0.425 0.54 0.0
          0.43 0.54 0.0
          0.435 0.54 0.0
          0.44 0.54 0.0
          0.445 0.54 0.0
          0.45 0.54 0.0
          0.455 0.54 0.0
          0.46 0.54 0.0
          0.465 0.54 0.0
          0.47 0.54 0.0
          0.475 0.54 0.0
          0.48 0.54 0.0
          0.485 0.54 0.0
          0.49 0.54 0.0
          0.495 0.54 0.0
          0.255 0.545 0.0
          0.26 0.545 0.0
          0.265 0.545 0.0
          0.27 0.545 0.0
          0.275 0.545 0.0
          0.28 0.545 0.0
          0.285 0.545 0.0
          0.29 0.545 0.0
          0.295 0.545 0.0
          0.3 0.545 0.0
          0.305 0.545 0.0
          0.31 0.545 0.0
          0.315 0.545 0.0
          0.32 0.545 0.0
          0.325 0.545 0.0
          0.33 0.545 0.0
          0.335 0.545 0.0
          0.34 0.545 0.0
          0.345 0.545 0.0
          0.35 0.545 0.0
          0.355 0.545 0.0
          0.36 0.545 0.0
          0.365 0.545 0.0
          0.37 0.545 0.0
          0.375 0.545 0.0
          0.38 0.545 0.0
          0.385 0.545 0.0
          0.39 0.545 0.0
          0.395 0.545 0.0
          0.4 0.545 0.0
          0.405 0.545 0.0
          0.41 0.545 0.0
          0.415 0.545 0.0
          0.42 0.545 0.0
          0.425 0.545 0.0
          0.43 0.545 0.0
          0.435 0.545 0.0
          0.44 0.545 0.0
          0.445 0.545 0.0
          0.45 0.545 0.0
          0.455 0.545 0.0
          0.46 0.545 0.0
          0.465 0.545 0.0
          0.47 0.545 0.0
          0.475 0.545 0.0
          0.48 0.545 0.0
          0.485 0.545 0.0
          0.49 0.545 0.0
          0.495 0.545 0.0
          0.255 0.55 0.0
          0.26 0.55 0.0
          0.265 0.55 0.0
          0.27 0.55 0.0
          0.275 0.55 0.0
          0.28 0.55 0.0
          0.285 0.55 0.0
          0.29 0.55 0.0
          0.295 0.55 0.0
          0.3 0.55 0.0
          0.305 0.55 0.0
          0.31 0.55 0.0
          0.315 0.55 0.0
          0.32 0.55 0.0
          0.325 0.55 0.0
          0.33 0.55 0.0
          0.335 0.55 0.0
          0.34 0.55 0.0
          0.345 0.55 0.0
          0.35 0.55 0.0
          0.355 0.55 0.0
          0.36 0.55 0.0
          0.365 0.55 0.0
          0.37 0.55 0.0
          0.375 0.55 0.0
          0.38 0.55 0.0
          0.385 0.55 0.0
          0.39 0.55 0.0
          0.395 0.55 0.0
          0.4 0.55 0.0
          0.405 0.55 0.0
          0.41 0.55 0.0
          0.415 0.55 0.0
          0.42 0.55 0.0
          0.425 0.55 0.0
          0.43 0.55 0.0
          0.435 0.55 0.0
          0.44 0.55 0.0
          0.445 0.55 0.0
          0.45 0.55 0.0
          0.455 0.55 0.0
          0.46 0.55 0.0
          0.465 0.55 0.0
          0.47 0.55 0.0
          0.475 0.55 0.0
          0.48 0.55 0.0
          0.485 0.55 0.0
          0.49 0.55 0.0
          0.495 0.55 0.0
          0.255 0.555 0.0
          0.26 0.555 0.0
          0.265 0.555 0.0
          0.27 0.555 0.0
          0.275 0.555 0.0
          0.28 0.555 0.0
          0.285 0.555 0.0
          0.29 0.555 0.0
          0.295 0.555 0.0
          0.3 0.555 0.0
          0.305 0.555 0.0
          0.31 0.555 0.0
          0.315 0.555 0.0
          0.32 0.555 0.0
          0.325 0.555 0.0
          0.33 0.555 0.0
          0.335 0.555 0.0
          0.34 0.555 0.0
          0.345 0.555 0.0
          0.35 0.555 0.0
          0.355 0.555 0.0
          0.36 0.555 0.0
          0.365 0.555 0.0
          0.37 0.555 0.0
          0.375 0.555 0.0
          0.38 0.555 0.0
          0.385 0.555 0.0
          0.39 0.555 0.0
          0.395 0.555 0.0
          0.4 0.555 0.0
          0.405 0.555 0.0
          0.41 0.555 0.0
          0.415 0.555 0.0
          0.42 0.555 0.0
          0.425 0.555 0.0
          0.43 0.555 0.0
          0.435 0.555 0.0
          0.44 0.555 0.0
          0.445 0.555 0.0
          0.45 0.555 0.0
          0.455 0.555 0.0
          0.46 0.555 0.0
          0.465 0.555 0.0
          0.47 0.555 0.0
          0.475 0.555 0.0
          0.48 0.555 0.0
          0.485 0.555 0.0
          0.49 0.555 0.0
          0.495 0.555 0.0
          0.255 0.56 0.0
          0.26 0.56 0.0
          0.265 0.56 0.0
          0.27 0.56 0.0
          0.275 0.56 0.0
          0.28 0.56 0.0
          0.285 0.56 0.0
          0.29 0.56 0.0
          0.295 0.56 0.0
          0.3 0.56 0.0
          0.305 0.56 0.0
          0.31 0.56 0.0
          0.315 0.56 0.0
          0.32 0.56 0.0
          0.325 0.56 0.0
          0.33 0.56 0.0
          0.335 0.56 0.0
          0.34 0.56 0.0
          0.345 0.56 0.0
          0.35 0.56 0.0
          0.355 0.56 0.0
          0.36 0.56 0.0
          0.365 0.56 0.0
          0.37 0.56 0.0
          0.375 0.56 0.0
          0.38 0.56 0.0
          0.385 0.56 0.0
          0.39 0.56 0.0
          0.395 0.56 0.0
          0.4 0.56 0.0
          0.405 0.56 0.0
          0.41 0.56 0.0
          0.415 0.56 0.0
          0.42 0.56 0.0
          0.425 0.56 0.0
          0.43 0.56 0.0
          0.435 0.56 0.0
          0.44 0.56 0.0
          0.445 0.56 0.0
          0.45 0.56 0.0
          0.455 0.56 0.0
          0.46 0.56 0.0
          0.465 0.56 0.0
          0.47 0.56 0.0
          0.475 0.56 0.0
          0.48 0.56 0.0
          0.485 0.56 0.0
          0.49 0.56 0.0
          0.495 0.56 0.0
          0.255 0.565 0.0
          0.26 0.565 0.0
          0.265 0.565 0.0
          0.27 0.565 0.0
          0.275 0.565 0.0
          0.28 0.565 0.0
          0.285 0.565 0.0
          0.29 0.565 0.0
          0.295 0.565 0.0
          0.3 0.565 0.0
          0.305 0.565 0.0
          0.31 0.565 0.0
          0.315 0.565 0.0
          0.32 0.565 0.0
          0.325 0.565 0.0
          0.33 0.565 0.0
          0.335 0.565 0.0
          0.34 0.565 0.0
          0.345 0.565 0.0
          0.35 0.565 0.0
          0.355 0.565 0.0
          0.36 0.565 0.0
          0.365 0.565 0.0
          0.37 0.565 0.0
          0.375 0.565 0.0
          0.38 0.565 0.0
          0.385 0.565 0.0
          0.39 0.565 0.0
          0.395 0.565 0.0
          0.4 0.565 0.0
          0.405 0.565 0.0
          0.41 0.565 0.0
          0.415 0.565 0.0
          0.42 0.565 0.0
          0.425 0.565 0.0
          0.43 0.565 0.0
          0.435 0.565 0.0
          0.44 0.565 0.0
          0.445 0.565 0.0
          0.45 0.565 0.0
          0.455 0.565 0.0
          0.46 0.565 0.0
          0.465 0.565 0.0
          0.47 0.565 0.0
          0.475 0.565 0.0
          0.48 0.565 0.0
          0.485 0.565 0.0
          0.49 0.565 0.0
          0.495 0.565 0.0
          0.255 0.57 0.0
          0.26 0.57 0.0
          0.265 0.57 0.0
          0.27 0.57 0.0
          0.275 0.57 0.0
          0.28 0.57 0.0
          0.285 0.57 0.0
          0.29 0.57 0.0
          0.295 0.57 0.0
          0.3 0.57 0.0
          0.305 0.57 0.0
          0.31 0.57 0.0
          0.315 0.57 0.0
          0.32 0.57 0.0
          0.325 0.57 0.0
          0.33 0.57 0.0
          0.335 0.57 0.0
          0.34 0.57 0.0
          0.345 0.57 0.0
          0.35 0.57 0.0
          0.355 0.57 0.0
          0.36 0.57 0.0
          0.365 0.57 0.0
          0.37 0.57 0.0
          0.375 0.57 0.0
          0.38 0.57 0.0
          0.385 0.57 0.0
          0.39 0.57 0.0
          0.395 0.57 0.0
          0.4 0.57 0.0
          0.405 0.57 0.0
          0.41 0.57 0.0
          0.415 0.57 0.0
          0.42 0.57 0.0
          0.425 0.57 0.0
          0.43 0.57 0.0
          0.435 0.57 0.0
          0.44 0.57 0.0
          0.445 0.57 0.0
          0.45 0.57 0.0
          0.455 0.57 0.0
          0.46 0.57 0.0
          0.465 0.57 0.0
          0.47 0.57 0.0
          0.475 0.57 0.0
          0.48 0.57 0.0
          0.485 0.57 0.0
          0.49 0.57 0.0
          0.495 0.57 0.0
          0.255 0.575 0.0
          0.26 0.575 0.0
          0.265 0.575 0.0
          0.27 0.575 0.0
          0.275 0.575 0.0
          0.28 0.575 0.0
          0.285 0.575 0.0
          0.29 0.575 0.0
          0.295 0.575 0.0
          0.3 0.575 0.0
          0.305 0.575 0.0
          0.31 0.575 0.0
          0.315 0.575 0.0
          0.32 0.575 0.0
          0.325 0.575 0.0
          0.33 0.575 0.0
          0.335 0.575 0.0
          0.34 0.575 0.0
          0.345 0.575 0.0
          0.35 0.575 0.0
          0.355 0.575 0.0
          0.36 0.575 0.0
          0.365 0.575 0.0
          0.37 0.575 0.0
          0.375 0.575 0.0
          0.38 0.575 0.0
          0.385 0.575 0.0
          0.39 0.575 0.0
          0.395 0.575 0.0
          0.4 0.575 0.0
          0.405 0.575 0.0
          0.41 0.575 0.0
          0.415 0.575 0.0
          0.42 0.575 0.0
          0.425 0.575 0.0
          0.43 0.575 0.0
          0.435 0.575 0.0
          0.44 0.575 0.0
          0.445 0.575 0.0
          0.45 0.575 0.0
          0.455 0.575 0.0
          0.46 0.575 0.0
          0.465 0.575 0.0
          0.47 0.575 0.0
          0.475 0.575 0.0
          0.48 0.575 0.0
          0.485 0.575 0.0
          0.49 0.575 0.0
          0.495 0.575 0.0
          0.255 0.58 0.0
          0.26 0.58 0.0
          0.265 0.58 0.0
          0.27 0.58 0.0
          0.275 0.58 0.0
          0.28 0.58 0.0
          0.285 0.58 0.0
          0.29 0.58 0.0
          0.295 0.58 0.0
          0.3 0.58 0.0
          0.305 0.58 0.0
          0.31 0.58 0.0
          0.315 0.58 0.0
          0.32 0.58 0.0
          0.325 0.58 0.0
          0.33 0.58 0.0
          0.335 0.58 0.0
          0.34 0.58 0.0
          0.345 0.58 0.0
          0.35 0.58 0.0
          0.355 0.58 0.0
          0.36 0.58 0.0
          0.365 0.58 0.0
          0.37 0.58 0.0
          0.375 0.58 0.0
          0.38 0.58 0.0
          0.385 0.58 0.0
          0.39 0.58 0.0
          0.395 0.58 0.0
          0.4 0.58 0.0
          0.405 0.58 0.0
          0.41 0.58 0.0
          0.415 0.58 0.0
          0.42 0.58 0.0
          0.425 0.58 0.0
          0.43 0.58 0.0
          0.435 0.58 0.0
          0.44 0.58 0.0
          0.445 0.58 0.0
          0.45 0.58 0.0
          0.455 0.58 0.0
          0.46 0.58 0.0
          0.465 0.58 0.0
          0.47 0.58 0.0
          0.475 0.58 0.0
          0.48 0.58 0.0
          0.485 0.58 0.0
          0.49 0.58 0.0
          0.495 0.58 0.0
          0.255 0.585 0.0
          0.26 0.585 0.0
          0.265 0.585 0.0
          0.27 0.585 0.0
          0.275 0.585 0.0
          0.28 0.585 0.0
          0.285 0.585 0.0
          0.29 0.585 0.0
          0.295 0.585 0.0
          0.3 0.585 0.0
          0.305 0.585 0.0
          0.31 0.585 0.0
          0.315 0.585 0.0
          0.32 0.585 0.0
          0.325 0.585 0.0
          0.33 0.585 0.0
          0.335 0.585 0.0
          0.34 0.585 0.0
          0.345 0.585 0.0
          0.35 0.585 0.0
          0.355 0.585 0.0
          0.36 0.585 0.0
          0.365 0.585 0.0
          0.37 0.585 0.0
          0.375 0.585 0.0
          0.38 0.585 0.0
          0.385 0.585 0.0
          0.39 0.585 0.0
          0.395 0.585 0.0
          0.4 0.585 0.0
          0.405 0.585 0.0
          0.41 0.585 0.0
          0.415 0.585 0.0
          0.42 0.585 0.0
          0.425 0.585 0.0
          0.43 0.585 0.0
          0.435 0.585 0.0
          0.44 0.585 0.0
          0.445 0.585 0.0
          0.45 0.585 0.0
          0.455 0.585 0.0
          0.46 0.585 0.0
          0.465 0.585 0.0
          0.47 0.585 0.0
          0.475 0.585 0.0
          0.48 0.585 0.0
          0.485 0.585 0.0
          0.49 0.585 0.0
          0.495 0.585 0.0
          0.255 0.59 0.0
          0.26 0.59 0.0
          0.265 0.59 0.0
          0.27 0.59 0.0
          0.275 0.59 0.0
          0.28 0.59 0.0
          0.285 0.59 0.0
          0.29 0.59 0.0
          0.295 0.59 0.0
          0.3 0.59 0.0
          0.305 0.59 0.0
          0.31 0.59 0.0
          0.315 0.59 0.0
          0.32 0.59 0.0
          0.325 0.59 0.0
          0.33 0.59 0.0
          0.335 0.59 0.0
          0.34 0.59 0.0
          0.345 0.59 0.0
          0.35 0.59 0.0
          0.355 0.59 0.0
          0.36 0.59 0.0
          0.365 0.59 0.0
          0.37 0.59 0.0
          0.375 0.59 0.0
          0.38 0.59 0.0
          0.385 0.59 0.0
          0.39 0.59 0.0
          0.395 0.59 0.0
          0.4 0.59 0.0
          0.405 0.59 0.0
          0.41 0.59 0.0
          0.415 0.59 0.0
          0.42 0.59 0.0
          0.425 0.59 0.0
          0.43 0.59 0.0
          0.435 0.59 0.0
          0.44 0.59 0.0
          0.445 0.59 0.0
          0.45 0.59 0.0
          0.455 0.59 0.0
          0.46 0.59 0.0
          0.465 0.59 0.0
          0.47 0.59 0.0
          0.475 0.59 0.0
          0.48 0.59 0.0
          0.485 0.59 0.0
          0.49 0.59 0.0
          0.495 0.59 0.0
          0.255 0.595 0.0
          0.26 0.595 0.0
          0.265 0.595 0.0
          0.27 0.595 0.0
          0.275 0.595 0.0
          0.28 0.595 0.0
          0.285 0.595 0.0
          0.29 0.595 0.0
          0.295 0.595 0.0
          0.3 0.595 0.0
          0.305 0.595 0.0
          0.31 0.595 0.0
          0.315 0.595 0.0
          0.32 0.595 0.0
          0.325 0.595 0.0
          0.33 0.595 0.0
          0.335 0.595 0.0
          0.34 0.595 0.0
          0.345 0.595 0.0
          0.35 0.595 0.0
          0.355 0.595 0.0
          0.36 0.595 0.0
          0.365 0.595 0.0
          0.37 0.595 0.0
          0.375 0.595 0.0
          0.38 0.595 0.0
          0.385 0.595 0.0
          0.39 0.595 0.0
          0.395 0.595 0.0
          0.4 0.595 0.0
          0.405 0.595 0.0
          0.41 0.595 0.0
          0.415 0.595 0.0
          0.42 0.595 0.0
          0.425 0.595 0.0
          0.43 0.595 0.0
          0.435 0.595 0.0
          0.44 0.595 0.0
          0.445 0.595 0.0
          0.45 0.595 0.0
          0.455 0.595 0.0
          0.46 0.595 0.0
          0.465 0.595 0.0
          0.47 0.595 0.0
          0.475 0.595 0.0
          0.48 0.595 0.0
          0.485 0.595 0.0
          0.49 0.595 0.0
          0.495 0.595 0.0
          0.255 0.6 0.0
          0.26 0.6 0.0
          0.265 0.6 0.0
          0.27 0.6 0.0
          0.275 0.6 0.0
          0.28 0.6 0.0
          0.285 0.6 0.0
          0.29 0.6 0.0
          0.295 0.6 0.0
          0.3 0.6 0.0
          0.305 0.6 0.0
          0.31 0.6 0.0
          0.315 0.6 0.0
          0.32 0.6 0.0
          0.325 0.6 0.0
          0.33 0.6 0.0
          0.335 0.6 0.0
          0.34 0.6 0.0
          0.345 0.6 0.0
          0.35 0.6 0.0
          0.355 0.6 0.0
          0.36 0.6 0.0
          0.365 0.6 0.0
          0.37 0.6 0.0
          0.375 0.6 0.0
          0.38 0.6 0.0
          0.385 0.6 0.0
          0.39 0.6 0.0
          0.395 0.6 0.0
          0.4 0.6 0.0
          0.405 0.6 0.0
          0.41 0.6 0.0
          0.415 0.6 0.0
          0.42 0.6 0.0
          0.425 0.6 0.0
          0.43 0.6 0.0
          0.435 0.6 0.0
          0.44 0.6 0.0
          0.445 0.6 0.0
          0.45 0.6 0.0
          0.455 0.6 0.0
          0.46 0.6 0.0
          0.465 0.6 0.0
          0.47 0.6 0.0
          0.475 0.6 0.0
          0.48 0.6 0.0
          0.485 0.6 0.0
          0.49 0.6 0.0
          0.495 0.6 0.0
          0.255 0.605 0.0
          0.26 0.605 0.0
          0.265 0.605 0.0
          0.27 0.605 0.0
          0.275 0.605 0.0
          0.28 0.605 0.0
          0.285 0.605 0.0
          0.29 0.605 0.0
          0.295 0.605 0.0
          0.3 0.605 0.0
          0.305 0.605 0.0
          0.31 0.605 0.0
          0.315 0.605 0.0
          0.32 0.605 0.0
          0.325 0.605 0.0
          0.33 0.605 0.0
          0.335 0.605 0.0
          0.34 0.605 0.0
          0.345 0.605 0.0
          0.35 0.605 0.0
          0.355 0.605 0.0
          0.36 0.605 0.0
          0.365 0.605 0.0
          0.37 0.605 0.0
          0.375 0.605 0.0
          0.38 0.605 0.0
          0.385 0.605 0.0
          0.39 0.605 0.0
          0.395 0.605 0.0
          0.4 0.605 0.0
          0.405 0.605 0.0
          0.41 0.605 0.0
          0.415 0.605 0.0
          0.42 0.605 0.0
          0.425 0.605 0.0
          0.43 0.605 0.0
          0.435 0.605 0.0
          0.44 0.605 0.0
          0.445 0.605 0.0
          0.45 0.605 0.0
          0.455 0.605 0.0
          0.46 0.605 0.0
          0.465 0.605 0.0
          0.47 0.605 0.0
          0.475 0.605 0.0
          0.48 0.605 0.0
          0.485 0.605 0.0
          0.49 0.605 0.0
          0.495 0.605 0.0
          0.255 0.61 0.0
          0.26 0.61 0.0
          0.265 0.61 0.0
          0.27 0.61 0.0
          0.275 0.61 0.0
          0.28 0.61 0.0
          0.285 0.61 0.0
          0.29 0.61 0.0
          0.295 0.61 0.0
          0.3 0.61 0.0
          0.305 0.61 0.0
          0.31 0.61 0.0
          0.315 0.61 0.0
          0.32 0.61 0.0
          0.325 0.61 0.0
          0.33 0.61 0.0
          0.335 0.61 0.0
          0.34 0.61 0.0
          0.345 0.61 0.0
          0.35 0.61 0.0
          0.355 0.61 0.0
          0.36 0.61 0.0
          0.365 0.61 0.0
          0.37 0.61 0.0
          0.375 0.61 0.0
          0.38 0.61 0.0
          0.385 0.61 0.0
          0.39 0.61 0.0
          0.395 0.61 0.0
          0.4 0.61 0.0
          0.405 0.61 0.0
          0.41 0.61 0.0
          0.415 0.61 0.0
          0.42 0.61 0.0
          0.425 0.61 0.0
          0.43 0.61 0.0
          0.435 0.61 0.0
          0.44 0.61 0.0
          0.445 0.61 0.0
          0.45 0.61 0.0
          0.455 0.61 0.0
          0.46 0.61 0.0
          0.465 0.61 0.0
          0.47 0.61 0.0
          0.475 0.61 0.0
          0.48 0.61 0.0
          0.485 0.61 0.0
          0.49 0.61 0.0
          0.495 0.61 0.0
          0.255 0.615 0.0
          0.26 0.615 0.0
          0.265 0.615 0.0
          0.27 0.615 0.0
          0.275 0.615 0.0
          0.28 0.615 0.0
          0.285 0.615 0.0
          0.29 0.615 0.0
          0.295 0.615 0.0
          0.3 0.615 0.0
          0.305 0.615 0.0
          0.31 0.615 0.0
          0.315 0.615 0.0
          0.32 0.615 0.0
          0.325 0.615 0.0
          0.33 0.615 0.0
          0.335 0.615 0.0
          0.34 0.615 0.0
          0.345 0.615 0.0
          0.35 0.615 0.0
          0.355 0.615 0.0
          0.36 0.615 0.0
          0.365 0.615 0.0
          0.37 0.615 0.0
          0.375 0.615 0.0
          0.38 0.615 0.0
          0.385 0.615 0.0
          0.39 0.615 0.0
          0.395 0.615 0.0
          0.4 0.615 0.0
          0.405 0.615 0.0
          0.41 0.615 0.0
          0.415 0.615 0.0
          0.42 0.615 0.0
          0.425 0.615 0.0
          0.43 0.615 0.0
          0.435 0.615 0.0
          0.44 0.615 0.0
          0.445 0.615 0.0
          0.45 0.615 0.0
          0.455 0.615 0.0
          0.46 0.615 0.0
          0.465 0.615 0.0
          0.47 0.615 0.0
          0.475 0.615 0.0
          0.48 0.615 0.0
          0.485 0.615 0.0
          0.49 0.615 0.0
          0.495 0.615 0.0
          0.255 0.62 0.0
          0.26 0.62 0.0
          0.265 0.62 0.0
          0.27 0.62 0.0
          0.275 0.62 0.0
          0.28 0.62 0.0
          0.285 0.62 0.0
          0.29 0.62 0.0
          0.295 0.62 0.0
          0.3 0.62 0.0
          0.305 0.62 0.0
          0.31 0.62 0.0
          0.315 0.62 0.0
          0.32 0.62 0.0
          0.325 0.62 0.0
          0.33 0.62 0.0
          0.335 0.62 0.0
          0.34 0.62 0.0
          0.345 0.62 0.0
          0.35 0.62 0.0
          0.355 0.62 0.0
          0.36 0.62 0.0
          0.365 0.62 0.0
          0.37 0.62 0.0
          0.375 0.62 0.0
          0.38 0.62 0.0
          0.385 0.62 0.0
          0.39 0.62 0.0
          0.395 0.62 0.0
          0.4 0.62 0.0
          0.405 0.62 0.0
          0.41 0.62 0.0
          0.415 0.62 0.0
          0.42 0.62 0.0
          0.425 0.62 0.0
          0.43 0.62 0.0
          0.435 0.62 0.0
          0.44 0.62 0.0
          0.445 0.62 0.0
          0.45 0.62 0.0
          0.455 0.62 0.0
          0.46 0.62 0.0
          0.465 0.62 0.0
          0.47 0.62 0.0
          0.475 0.62 0.0
          0.48 0.62 0.0
          0.485 0.62 0.0
          0.49 0.62 0.0
          0.495 0.62 0.0
          0.255 0.625 0.0
          0.26 0.625 0.0
          0.265 0.625 0.0
          0.27 0.625 0.0
          0.275 0.625 0.0
          0.28 0.625 0.0
          0.285 0.625 0.0
          0.29 0.625 0.0
          0.295 0.625 0.0
          0.3 0.625 0.0
          0.305 0.625 0.0
          0.31 0.625 0.0
          0.315 0.625 0.0
          0.32 0.625 0.0
          0.325 0.625 0.0
          0.33 0.625 0.0
          0.335 0.625 0.0
          0.34 0.625 0.0
          0.345 0.625 0.0
          0.35 0.625 0.0
          0.355 0.625 0.0
          0.36 0.625 0.0
          0.365 0.625 0.0
          0.37 0.625 0.0
          0.375 0.625 0.0
          0.38 0.625 0.0
          0.385 0.625 0.0
          0.39 0.625 0.0
          0.395 0.625 0.0
          0.4 0.625 0.0
          0.405 0.625 0.0
          0.41 0.625 0.0
          0.415 0.625 0.0
          0.42 0.625 0.0
          0.425 0.625 0.0
          0.43 0.625 0.0
          0.435 0.625 0.0
          0.44 0.625 0.0
          0.445 0.625 0.0
          0.45 0.625 0.0
          0.455 0.625 0.0
          0.46 0.625 0.0
          0.465 0.625 0.0
          0.47 0.625 0.0
          0.475 0.625 0.0
          0.48 0.625 0.0
          0.485 0.625 0.0
          0.49 0.625 0.0
          0.495 0.625 0.0
          0.255 0.63 0.0
          0.26 0.63 0.0
          0.265 0.63 0.0
          0.27 0.63 0.0
          0.275 0.63 0.0
          0.28 0.63 0.0
          0.285 0.63 0.0
          0.29 0.63 0.0
          0.295 0.63 0.0
          0.3 0.63 0.0
          0.305 0.63 0.0
          0.31 0.63 0.0
          0.315 0.63 0.0
          0.32 0.63 0.0
          0.325 0.63 0.0
          0.33 0.63 0.0
          0.335 0.63 0.0
          0.34 0.63 0.0
          0.345 0.63 0.0
          0.35 0.63 0.0
          0.355 0.63 0.0
          0.36 0.63 0.0
          0.365 0.63 0.0
          0.37 0.63 0.0
          0.375 0.63 0.0
          0.38 0.63 0.0
          0.385 0.63 0.0
          0.39 0.63 0.0
          0.395 0.63 0.0
          0.4 0.63 0.0
          0.405 0.63 0.0
          0.41 0.63 0.0
          0.415 0.63 0.0
          0.42 0.63 0.0
          0.425 0.63 0.0
          0.43 0.63 0.0
          0.435 0.63 0.0
          0.44 0.63 0.0
          0.445 0.63 0.0
          0.45 0.63 0.0
          0.455 0.63 0.0
          0.46 0.63 0.0
          0.465 0.63 0.0
          0.47 0.63 0.0
          0.475 0.63 0.0
          0.48 0.63 0.0
          0.485 0.63 0.0
          0.49 0.63 0.0
          0.495 0.63 0.0
          0.255 0.635 0.0
          0.26 0.635 0.0
          0.265 0.635 0.0
          0.27 0.635 0.0
          0.275 0.635 0.0
          0.28 0.635 0.0
          0.285 0.635 0.0
          0.29 0.635 0.0
          0.295 0.635 0.0
          0.3 0.635 0.0
          0.305 0.635 0.0
          0.31 0.635 0.0
          0.315 0.635 0.0
          0.32 0.635 0.0
          0.325 0.635 0.0
          0.33 0.635 0.0
          0.335 0.635 0.0
          0.34 0.635 0.0
          0.345 0.635 0.0
          0.35 0.635 0.0
          0.355 0.635 0.0
          0.36 0.635 0.0
          0.365 0.635 0.0
          0.37 0.635 0.0
          0.375 0.635 0.0
          0.38 0.635 0.0
          0.385 0.635 0.0
          0.39 0.635 0.0
          0.395 0.635 0.0
          0.4 0.635 0.0
          0.405 0.635 0.0
          0.41 0.635 0.0
          0.415 0.635 0.0
          0.42 0.635 0.0
          0.425 0.635 0.0
          0.43 0.635 0.0
          0.435 0.635 0.0
          0.44 0.635 0.0
          0.445 0.635 0.0
          0.45 0.635 0.0
          0.455 0.635 0.0
          0.46 0.635 0.0
          0.465 0.635 0.0
          0.47 0.635 0.0
          0.475 0.635 0.0
          0.48 0.635 0.0
          0.485 0.635 0.0
          0.49 0.635 0.0
          0.495 0.635 0.0
          0.255 0.64 0.0
          0.26 0.64 0.0
          0.265 0.64 0.0
          0.27 0.64 0.0
          0.275 0.64 0.0
          0.28 0.64 0.0
          0.285 0.64 0.0
          0.29 0.64 0.0
          0.295 0.64 0.0
          0.3 0.64 0.0
          0.305 0.64 0.0
          0.31 0.64 0.0
          0.315 0.64 0.0
          0.32 0.64 0.0
          0.325 0.64 0.0
          0.33 0.64 0.0
          0.335 0.64 0.0
          0.34 0.64 0.0
          0.345 0.64 0.0
          0.35 0.64 0.0
          0.355 0.64 0.0
          0.36 0.64 0.0
          0.365 0.64 0.0
          0.37 0.64 0.0
          0.375 0.64 0.0
          0.38 0.64 0.0
          0.385 0.64 0.0
          0.39 0.64 0.0
          0.395 0.64 0.0
          0.4 0.64 0.0
          0.405 0.64 0.0
          0.41 0.64 0.0
          0.415 0.64 0.0
          0.42 0.64 0.0
          0.425 0.64 0.0
          0.43 0.64 0.0
          0.435 0.64 0.0
          0.44 0.64 0.0
          0.445 0.64 0.0
          0.45 0.64 0.0
          0.455 0.64 0.0
          0.46 0.64 0.0
          0.465 0.64 0.0
          0.47 0.64 0.0
          0.475 0.64 0.0
          0.48 0.64 0.0
          0.485 0.64 0.0
          0.49 0.64 0.0
          0.495 0.64 0.0
          0.255 0.645 0.0
          0.26 0.645 0.0
          0.265 0.645 0.0
          0.27 0.645 0.0
          0.275 0.645 0.0
          0.28 0.645 0.0
          0.285 0.645 0.0
          0.29 0.645 0.0
          0.295 0.645 0.0
          0.3 0.645 0.0
          0.305 0.645 0.0
          0.31 0.645 0.0
          0.315 0.645 0.0
          0.32 0.645 0.0
          0.325 0.645 0.0
          0.33 0.645 0.0
          0.335 0.645 0.0
          0.34 0.645 0.0
          0.345 0.645 0.0
          0.35 0.645 0.0
          0.355 0.645 0.0
          0.36 0.645 0.0
          0.365 0.645 0.0
          0.37 0.645 0.0
          0.375 0.645 0.0
          0.38 0.645 0.0
          0.385 0.645 0.0
          0.39 0.645 0.0
          0.395 0.645 0.0
          0.4 0.645 0.0
          0.405 0.645 0.0
          0.41 0.645 0.0
          0.415 0.645 0.0
          0.42 0.645 0.0
          0.425 0.645 0.0
          0.43 0.645 0.0
          0.435 0.645 0.0
          0.44 0.645 0.0
          0.445 0.645 0.0
          0.45 0.645 0.0
          0.455 0.645 0.0
          0.46 0.645 0.0
          0.465 0.645 0.0
          0.47 0.645 0.0
          0.475 0.645 0.0
          0.48 0.645 0.0
          0.485 0.645 0.0
          0.49 0.645 0.0
          0.495 0.645 0.0
          0.255 0.65 0.0
          0.26 0.65 0.0
          0.265 0.65 0.0
          0.27 0.65 0.0
          0.275 0.65 0.0
          0.28 0.65 0.0
          0.285 0.65 0.0
          0.29 0.65 0.0
          0.295 0.65 0.0
          0.3 0.65 0.0
          0.305 0.65 0.0
          0.31 0.65 0.0
          0.315 0.65 0.0
          0.32 0.65 0.0
          0.325 0.65 0.0
          0.33 0.65 0.0
          0.335 0.65 0.0
          0.34 0.65 0.0
          0.345 0.65 0.0
          0.35 0.65 0.0
          0.355 0.65 0.0
          0.36 0.65 0.0
          0.365 0.65 0.0
          0.37 0.65 0.0
          0.375 0.65 0.0
          0.38 0.65 0.0
          0.385 0.65 0.0
          0.39 0.65 0.0
          0.395 0.65 0.0
          0.4 0.65 0.0
          0.405 0.65 0.0
          0.41 0.65 0.0
          0.415 0.65 0.0
          0.42 0.65 0.0
          0.425 0.65 0.0
          0.43 0.65 0.0
          0.435 0.65 0.0
          0.44 0.65 0.0
          0.445 0.65 0.0
          0.45 0.65 0.0
          0.455 0.65 0.0
          0.46 0.65 0.0
          0.465 0.65 0.0
          0.47 0.65 0.0
          0.475 0.65 0.0
          0.48 0.65 0.0
          0.485 0.65 0.0
          0.49 0.65 0.0
          0.495 0.65 0.0
          0.255 0.655 0.0
          0.26 0.655 0.0
          0.265 0.655 0.0
          0.27 0.655 0.0
          0.275 0.655 0.0
          0.28 0.655 0.0
          0.285 0.655 0.0
          0.29 0.655 0.0
          0.295 0.655 0.0
          0.3 0.655 0.0
          0.305 0.655 0.0
          0.31 0.655 0.0
          0.315 0.655 0.0
          0.32 0.655 0.0
          0.325 0.655 0.0
          0.33 0.655 0.0
          0.335 0.655 0.0
          0.34 0.655 0.0
          0.345 0.655 0.0
          0.35 0.655 0.0
          0.355 0.655 0.0
          0.36 0.655 0.0
          0.365 0.655 0.0
          0.37 0.655 0.0
          0.375 0.655 0.0
          0.38 0.655 0.0
          0.385 0.655 0.0
          0.39 0.655 0.0
          0.395 0.655 0.0
          0.4 0.655 0.0
          0.405 0.655 0.0
          0.41 0.655 0.0
          0.415 0.655 0.0
          0.42 0.655 0.0
          0.425 0.655 0.0
          0.43 0.655 0.0
          0.435 0.655 0.0
          0.44 0.655 0.0
          0.445 0.655 0.0
          0.45 0.655 0.0
          0.455 0.655 0.0
          0.46 0.655 0.0
          0.465 0.655 0.0
          0.47 0.655 0.0
          0.475 0.655 0.0
          0.48 0.655 0.0
          0.485 0.655 0.0
          0.49 0.655 0.0
          0.495 0.655 0.0
          0.255 0.66 0.0
          0.26 0.66 0.0
          0.265 0.66 0.0
          0.27 0.66 0.0
          0.275 0.66 0.0
          0.28 0.66 0.0
          0.285 0.66 0.0
          0.29 0.66 0.0
          0.295 0.66 0.0
          0.3 0.66 0.0
          0.305 0.66 0.0
          0.31 0.66 0.0
          0.315 0.66 0.0
          0.32 0.66 0.0
          0.325 0.66 0.0
          0.33 0.66 0.0
          0.335 0.66 0.0
          0.34 0.66 0.0
          0.345 0.66 0.0
          0.35 0.66 0.0
          0.355 0.66 0.0
          0.36 0.66 0.0
          0.365 0.66 0.0
          0.37 0.66 0.0
          0.375 0.66 0.0
          0.38 0.66 0.0
          0.385 0.66 0.0
          0.39 0.66 0.0
          0.395 0.66 0.0
          0.4 0.66 0.0
          0.405 0.66 0.0
          0.41 0.66 0.0
          0.415 0.66 0.0
          0.42 0.66 0.0
          0.425 0.66 0.0
          0.43 0.66 0.0
          0.435 0.66 0.0
          0.44 0.66 0.0
          0.445 0.66 0.0
          0.45 0.66 0.0
          0.455 0.66 0.0
          0.46 0.66 0.0
          0.465 0.66 0.0
          0.47 0.66 0.0
          0.475 0.66 0.0
          0.48 0.66 0.0
          0.485 0.66 0.0
          0.49 0.66 0.0
          0.495 0.66 0.0
          0.255 0.665 0.0
          0.26 0.665 0.0
          0.265 0.665 0.0
          0.27 0.665 0.0
          0.275 0.665 0.0
          0.28 0.665 0.0
          0.285 0.665 0.0
          0.29 0.665 0.0
          0.295 0.665 0.0
          0.3 0.665 0.0
          0.305 0.665 0.0
          0.31 0.665 0.0
          0.315 0.665 0.0
          0.32 0.665 0.0
          0.325 0.665 0.0
          0.33 0.665 0.0
          0.335 0.665 0.0
          0.34 0.665 0.0
          0.345 0.665 0.0
          0.35 0.665 0.0
          0.355 0.665 0.0
          0.36 0.665 0.0
          0.365 0.665 0.0
          0.37 0.665 0.0
          0.375 0.665 0.0
          0.38 0.665 0.0
          0.385 0.665 0.0
          0.39 0.665 0.0
          0.395 0.665 0.0
          0.4 0.665 0.0
          0.405 0.665 0.0
          0.41 0.665 0.0
          0.415 0.665 0.0
          0.42 0.665 0.0
          0.425 0.665 0.0
          0.43 0.665 0.0
          0.435 0.665 0.0
          0.44 0.665 0.0
          0.445 0.665 0.0
          0.45 0.665 0.0
          0.455 0.665 0.0
          0.46 0.665 0.0
          0.465 0.665 0.0
          0.47 0.665 0.0
          0.475 0.665 0.0
          0.48 0.665 0.0
          0.485 0.665 0.0
          0.49 0.665 0.0
          0.495 0.665 0.0
          0.255 0.67 0.0
          0.26 0.67 0.0
          0.265 0.67 0.0
          0.27 0.67 0.0
          0.275 0.67 0.0
          0.28 0.67 0.0
          0.285 0.67 0.0
          0.29 0.67 0.0
          0.295 0.67 0.0
          0.3 0.67 0.0
          0.305 0.67 0.0
          0.31 0.67 0.0
          0.315 0.67 0.0
          0.32 0.67 0.0
          0.325 0.67 0.0
          0.33 0.67 0.0
          0.335 0.67 0.0
          0.34 0.67 0.0
          0.345 0.67 0.0
          0.35 0.67 0.0
          0.355 0.67 0.0
          0.36 0.67 0.0
          0.365 0.67 0.0
          0.37 0.67 0.0
          0.375 0.67 0.0
          0.38 0.67 0.0
          0.385 0.67 0.0
          0.39 0.67 0.0
          0.395 0.67 0.0
          0.4 0.67 0.0
          0.405 0.67 0.0
          0.41 0.67 0.0
          0.415 0.67 0.0
          0.42 0.67 0.0
          0.425 0.67 0.0
          0.43 0.67 0.0
          0.435 0.67 0.0
          0.44 0.67 0.0
          0.445 0.67 0.0
          0.45 0.67 0.0
          0.455 0.67 0.0
          0.46 0.67 0.0
          0.465 0.67 0.0
          0.47 0.67 0.0
          0.475 0.67 0.0
          0.48 0.67 0.0
          0.485 0.67 0.0
          0.49 0.67 0.0
          0.495 0.67 0.0
          0.255 0.675 0.0
          0.26 0.675 0.0
          0.265 0.675 0.0
          0.27 0.675 0.0
          0.275 0.675 0.0
          0.28 0.675 0.0
          0.285 0.675 0.0
          0.29 0.675 0.0
          0.295 0.675 0.0
          0.3 0.675 0.0
          0.305 0.675 0.0
          0.31 0.675 0.0
          0.315 0.675 0.0
          0.32 0.675 0.0
          0.325 0.675 0.0
          0.33 0.675 0.0
          0.335 0.675 0.0
          0.34 0.675 0.0
          0.345 0.675 0.0
          0.35 0.675 0.0
          0.355 0.675 0.0
          0.36 0.675 0.0
          0.365 0.675 0.0
          0.37 0.675 0.0
          0.375 0.675 0.0
          0.38 0.675 0.0
          0.385 0.675 0.0
          0.39 0.675 0.0
          0.395 0.675 0.0
          0.4 0.675 0.0
          0.405 0.675 0.0
          0.41 0.675 0.0
          0.415 0.675 0.0
          0.42 0.675 0.0
          0.425 0.675 0.0
          0.43 0.675 0.0
          0.435 0.675 0.0
          0.44 0.675 0.0
          0.445 0.675 0.0
          0.45 0.675 0.0
          0.455 0.675 0.0
          0.46 0.675 0.0
          0.465 0.675 0.0
          0.47 0.675 0.0
          0.475 0.675 0.0
          0.48 0.675 0.0
          0.485 0.675 0.0
          0.49 0.675 0.0
          0.495 0.675 0.0
          0.255 0.68 0.0
          0.26 0.68 0.0
          0.265 0.68 0.0
          0.27 0.68 0.0
          0.275 0.68 0.0
          0.28 0.68 0.0
          0.285 0.68 0.0
          0.29 0.68 0.0
          0.295 0.68 0.0
          0.3 0.68 0.0
          0.305 0.68 0.0
          0.31 0.68 0.0
          0.315 0.68 0.0
          0.32 0.68 0.0
          0.325 0.68 0.0
          0.33 0.68 0.0
          0.335 0.68 0.0
          0.34 0.68 0.0
          0.345 0.68 0.0
          0.35 0.68 0.0
          0.355 0.68 0.0
          0.36 0.68 0.0
          0.365 0.68 0.0
          0.37 0.68 0.0
          0.375 0.68 0.0
          0.38 0.68 0.0
          0.385 0.68 0.0
          0.39 0.68 0.0
          0.395 0.68 0.0
          0.4 0.68 0.0
          0.405 0.68 0.0
          0.41 0.68 0.0
          0.415 0.68 0.0
          0.42 0.68 0.0
          0.425 0.68 0.0
          0.43 0.68 0.0
          0.435 0.68 0.0
          0.44 0.68 0.0
          0.445 0.68 0.0
          0.45 0.68 0.0
          0.455 0.68 0.0
          0.46 0.68 0.0
          0.465 0.68 0.0
          0.47 0.68 0.0
          0.475 0.68 0.0
          0.48 0.68 0.0
          0.485 0.68 0.0
          0.49 0.68 0.0
          0.495 0.68 0.0
          0.255 0.685 0.0
          0.26 0.685 0.0
          0.265 0.685 0.0
          0.27 0.685 0.0
          0.275 0.685 0.0
          0.28 0.685 0.0
          0.285 0.685 0.0
          0.29 0.685 0.0
          0.295 0.685 0.0
          0.3 0.685 0.0
          0.305 0.685 0.0
          0.31 0.685 0.0
          0.315 0.685 0.0
          0.32 0.685 0.0
          0.325 0.685 0.0
          0.33 0.685 0.0
          0.335 0.685 0.0
          0.34 0.685 0.0
          0.345 0.685 0.0
          0.35 0.685 0.0
          0.355 0.685 0.0
          0.36 0.685 0.0
          0.365 0.685 0.0
          0.37 0.685 0.0
          0.375 0.685 0.0
          0.38 0.685 0.0
          0.385 0.685 0.0
          0.39 0.685 0.0
          0.395 0.685 0.0
          0.4 0.685 0.0
          0.405 0.685 0.0
          0.41 0.685 0.0
          0.415 0.685 0.0
          0.42 0.685 0.0
          0.425 0.685 0.0
          0.43 0.685 0.0
          0.435 0.685 0.0
          0.44 0.685 0.0
          0.445 0.685 0.0
          0.45 0.685 0.0
          0.455 0.685 0.0
          0.46 0.685 0.0
          0.465 0.685 0.0
          0.47 0.685 0.0
          0.475 0.685 0.0
          0.48 0.685 0.0
          0.485 0.685 0.0
          0.49 0.685 0.0
          0.495 0.685 0.0
          0.255 0.69 0.0
          0.26 0.69 0.0
          0.265 0.69 0.0
          0.27 0.69 0.0
          0.275 0.69 0.0
          0.28 0.69 0.0
          0.285 0.69 0.0
          0.29 0.69 0.0
          0.295 0.69 0.0
          0.3 0.69 0.0
          0.305 0.69 0.0
          0.31 0.69 0.0
          0.315 0.69 0.0
          0.32 0.69 0.0
          0.325 0.69 0.0
          0.33 0.69 0.0
          0.335 0.69 0.0
          0.34 0.69 0.0
          0.345 0.69 0.0
          0.35 0.69 0.0
          0.355 0.69 0.0
          0.36 0.69 0.0
          0.365 0.69 0.0
          0.37 0.69 0.0
          0.375 0.69 0.0
          0.38 0.69 0.0
          0.385 0.69 0.0
          0.39 0.69 0.0
          0.395 0.69 0.0
          0.4 0.69 0.0
          0.405 0.69 0.0
          0.41 0.69 0.0
          0.415 0.69 0.0
          0.42 0.69 0.0
          0.425 0.69 0.0
          0.43 0.69 0.0
          0.435 0.69 0.0
          0.44 0.69 0.0
          0.445 0.69 0.0
          0.45 0.69 0.0
          0.455 0.69 0.0
          0.46 0.69 0.0
          0.465 0.69 0.0
          0.47 0.69 0.0
          0.475 0.69 0.0
          0.48 0.69 0.0
          0.485 0.69 0.0
          0.49 0.69 0.0
          0.495 0.69 0.0
          0.255 0.695 0.0
          0.26 0.695 0.0
          0.265 0.695 0.0
          0.27 0.695 0.0
          0.275 0.695 0.0
          0.28 0.695 0.0
          0.285 0.695 0.0
          0.29 0.695 0.0
          0.295 0.695 0.0
          0.3 0.695 0.0
          0.305 0.695 0.0
          0.31 0.695 0.0
          0.315 0.695 0.0
          0.32 0.695 0.0
          0.325 0.695 0.0
          0.33 0.695 0.0
          0.335 0.695 0.0
          0.34 0.695 0.0
          0.345 0.695 0.0
          0.35 0.695 0.0
          0.355 0.695 0.0
          0.36 0.695 0.0
          0.365 0.695 0.0
          0.37 0.695 0.0
          0.375 0.695 0.0
          0.38 0.695 0.0
          0.385 0.695 0.0
          0.39 0.695 0.0
          0.395 0.695 0.0
          0.4 0.695 0.0
          0.405 0.695 0.0
          0.41 0.695 0.0
          0.415 0.695 0.0
          0.42 0.695 0.0
          0.425 0.695 0.0
          0.43 0.695 0.0
          0.435 0.695 0.0
          0.44 0.695 0.0
          0.445 0.695 0.0
          0.45 0.695 0.0
          0.455 0.695 0.0
          0.46 0.695 0.0
          0.465 0.695 0.0
          0.47 0.695 0.0
          0.475 0.695 0.0
          0.48 0.695 0.0
          0.485 0.695 0.0
          0.49 0.695 0.0
          0.495 0.695 0.0
          0.255 0.7 0.0
          0.26 0.7 0.0
          0.265 0.7 0.0
          0.27 0.7 0.0
          0.275 0.7 0.0
          0.28 0.7 0.0
          0.285 0.7 0.0
          0.29 0.7 0.0
          0.295 0.7 0.0
          0.3 0.7 0.0
          0.305 0.7 0.0
          0.31 0.7 0.0
          0.315 0.7 0.0
          0.32 0.7 0.0
          0.325 0.7 0.0
          0.33 0.7 0.0
          0.335 0.7 0.0
          0.34 0.7 0.0
          0.345 0.7 0.0
          0.35 0.7 0.0
          0.355 0.7 0.0
          0.36 0.7 0.0
          0.365 0.7 0.0
          0.37 0.7 0.0
          0.375 0.7 0.0
          0.38 0.7 0.0
          0.385 0.7 0.0
          0.39 0.7 0.0
          0.395 0.7 0.0
          0.4 0.7 0.0
          0.405 0.7 0.0
          0.41 0.7 0.0
          0.415 0.7 0.0
          0.42 0.7 0.0
          0.425 0.7 0.0
          0.43 0.7 0.0
          0.435 0.7 0.0
          0.44 0.7 0.0
          0.445 0.7 0.0
          0.45 0.7 0.0
          0.455 0.7 0.0
          0.46 0.7 0.0
          0.465 0.7 0.0
          0.47 0.7 0.0
          0.475 0.7 0.0
          0.48 0.7 0.0
          0.485 0.7 0.0
          0.49 0.7 0.0
          0.495 0.7 0.0
          0.255 0.705 0.0
          0.26 0.705 0.0
          0.265 0.705 0.0
          0.27 0.705 0.0
          0.275 0.705 0.0
          0.28 0.705 0.0
          0.285 0.705 0.0
          0.29 0.705 0.0
          0.295 0.705 0.0
          0.3 0.705 0.0
          0.305 0.705 0.0
          0.31 0.705 0.0
          0.315 0.705 0.0
          0.32 0.705 0.0
          0.325 0.705 0.0
          0.33 0.705 0.0
          0.335 0.705 0.0
          0.34 0.705 0.0
          0.345 0.705 0.0
          0.35 0.705 0.0
          0.355 0.705 0.0
          0.36 0.705 0.0
          0.365 0.705 0.0
          0.37 0.705 0.0
          0.375 0.705 0.0
          0.38 0.705 0.0
          0.385 0.705 0.0
          0.39 0.705 0.0
          0.395 0.705 0.0
          0.4 0.705 0.0
          0.405 0.705 0.0
          0.41 0.705 0.0
          0.415 0.705 0.0
          0.42 0.705 0.0
          0.425 0.705 0.0
          0.43 0.705 0.0
          0.435 0.705 0.0
          0.44 0.705 0.0
          0.445 0.705 0.0
          0.45 0.705 0.0
          0.455 0.705 0.0
          0.46 0.705 0.0
          0.465 0.705 0.0
          0.47 0.705 0.0
          0.475 0.705 0.0
          0.48 0.705 0.0
          0.485 0.705 0.0
          0.49 0.705 0.0
          0.495 0.705 0.0
          0.255 0.71 0.0
          0.26 0.71 0.0
          0.265 0.71 0.0
          0.27 0.71 0.0
          0.275 0.71 0.0
          0.28 0.71 0.0
          0.285 0.71 0.0
          0.29 0.71 0.0
          0.295 0.71 0.0
          0.3 0.71 0.0
          0.305 0.71 0.0
          0.31 0.71 0.0
          0.315 0.71 0.0
          0.32 0.71 0.0
          0.325 0.71 0.0
          0.33 0.71 0.0
          0.335 0.71 0.0
          0.34 0.71 0.0
          0.345 0.71 0.0
          0.35 0.71 0.0
          0.355 0.71 0.0
          0.36 0.71 0.0
          0.365 0.71 0.0
          0.37 0.71 0.0
          0.375 0.71 0.0
          0.38 0.71 0.0
          0.385 0.71 0.0
          0.39 0.71 0.0
          0.395 0.71 0.0
          0.4 0.71 0.0
          0.405 0.71 0.0
          0.41 0.71 0.0
          0.415 0.71 0.0
          0.42 0.71 0.0
          0.425 0.71 0.0
          0.43 0.71 0.0
          0.435 0.71 0.0
          0.44 0.71 0.0
          0.445 0.71 0.0
          0.45 0.71 0.0
          0.455 0.71 0.0
          0.46 0.71 0.0
          0.465 0.71 0.0
          0.47 0.71 0.0
          0.475 0.71 0.0
          0.48 0.71 0.0
          0.485 0.71 0.0
          0.49 0.71 0.0
          0.495 0.71 0.0
          0.255 0.715 0.0
          0.26 0.715 0.0
          0.265 0.715 0.0
          0.27 0.715 0.0
          0.275 0.715 0.0
          0.28 0.715 0.0
          0.285 0.715 0.0
          0.29 0.715 0.0
          0.295 0.715 0.0
          0.3 0.715 0.0
          0.305 0.715 0.0
          0.31 0.715 0.0
          0.315 0.715 0.0
          0.32 0.715 0.0
          0.325 0.715 0.0
          0.33 0.715 0.0
          0.335 0.715 0.0
          0.34 0.715 0.0
          0.345 0.715 0.0
          0.35 0.715 0.0
          0.355 0.715 0.0
          0.36 0.715 0.0
          0.365 0.715 0.0
          0.37 0.715 0.0
          0.375 0.715 0.0
          0.38 0.715 0.0
          0.385 0.715 0.0
          0.39 0.715 0.0
          0.395 0.715 0.0
          0.4 0.715 0.0
          0.405 0.715 0.0
          0.41 0.715 0.0
          0.415 0.715 0.0
          0.42 0.715 0.0
          0.425 0.715 0.0
          0.43 0.715 0.0
          0.435 0.715 0.0
          0.44 0.715 0.0
          0.445 0.715 0.0
          0.45 0.715 0.0
          0.455 0.715 0.0
          0.46 0.715 0.0
          0.465 0.715 0.0
          0.47 0.715 0.0
          0.475 0.715 0.0
          0.48 0.715 0.0
          0.485 0.715 0.0
          0.49 0.715 0.0
          0.495 0.715 0.0
          0.255 0.72 0.0
          0.26 0.72 0.0
          0.265 0.72 0.0
          0.27 0.72 0.0
          0.275 0.72 0.0
          0.28 0.72 0.0
          0.285 0.72 0.0
          0.29 0.72 0.0
          0.295 0.72 0.0
          0.3 0.72 0.0
          0.305 0.72 0.0
          0.31 0.72 0.0
          0.315 0.72 0.0
          0.32 0.72 0.0
          0.325 0.72 0.0
          0.33 0.72 0.0
          0.335 0.72 0.0
          0.34 0.72 0.0
          0.345 0.72 0.0
          0.35 0.72 0.0
          0.355 0.72 0.0
          0.36 0.72 0.0
          0.365 0.72 0.0
          0.37 0.72 0.0
          0.375 0.72 0.0
          0.38 0.72 0.0
          0.385 0.72 0.0
          0.39 0.72 0.0
          0.395 0.72 0.0
          0.4 0.72 0.0
          0.405 0.72 0.0
          0.41 0.72 0.0
          0.415 0.72 0.0
          0.42 0.72 0.0
          0.425 0.72 0.0
          0.43 0.72 0.0
          0.435 0.72 0.0
          0.44 0.72 0.0
          0.445 0.72 0.0
          0.45 0.72 0.0
          0.455 0.72 0.0
          0.46 0.72 0.0
          0.465 0.72 0.0
          0.47 0.72 0.0
          0.475 0.72 0.0
          0.48 0.72 0.0
          0.485 0.72 0.0
          0.49 0.72 0.0
          0.495 0.72 0.0
          0.255 0.725 0.0
          0.26 0.725 0.0
          0.265 0.725 0.0
          0.27 0.725 0.0
          0.275 0.725 0.0
          0.28 0.725 0.0
          0.285 0.725 0.0
          0.29 0.725 0.0
          0.295 0.725 0.0
          0.3 0.725 0.0
          0.305 0.725 0.0
          0.31 0.725 0.0
          0.315 0.725 0.0
          0.32 0.725 0.0
          0.325 0.725 0.0
          0.33 0.725 0.0
          0.335 0.725 0.0
          0.34 0.725 0.0
          0.345 0.725 0.0
          0.35 0.725 0.0
          0.355 0.725 0.0
          0.36 0.725 0.0
          0.365 0.725 0.0
          0.37 0.725 0.0
          0.375 0.725 0.0
          0.38 0.725 0.0
          0.385 0.725 0.0
          0.39 0.725 0.0
          0.395 0.725 0.0
          0.4 0.725 0.0
          0.405 0.725 0.0
          0.41 0.725 0.0
          0.415 0.725 0.0
          0.42 0.725 0.0
          0.425 0.725 0.0
          0.43 0.725 0.0
          0.435 0.725 0.0
          0.44 0.725 0.0
          0.445 0.725 0.0
          0.45 0.725 0.0
          0.455 0.725 0.0
          0.46 0.725 0.0
          0.465 0.725 0.0
          0.47 0.725 0.0
          0.475 0.725 0.0
          0.48 0.725 0.0
          0.485 0.725 0.0
          0.49 0.725 0.0
          0.495 0.725 0.0
          0.255 0.73 0.0
          0.26 0.73 0.0
          0.265 0.73 0.0
          0.27 0.73 0.0
          0.275 0.73 0.0
          0.28 0.73 0.0
          0.285 0.73 0.0
          0.29 0.73 0.0
          0.295 0.73 0.0
          0.3 0.73 0.0
          0.305 0.73 0.0
          0.31 0.73 0.0
          0.315 0.73 0.0
          0.32 0.73 0.0
          0.325 0.73 0.0
          0.33 0.73 0.0
          0.335 0.73 0.0
          0.34 0.73 0.0
          0.345 0.73 0.0
          0.35 0.73 0.0
          0.355 0.73 0.0
          0.36 0.73 0.0
          0.365 0.73 0.0
          0.37 0.73 0.0
          0.375 0.73 0.0
          0.38 0.73 0.0
          0.385 0.73 0.0
          0.39 0.73 0.0
          0.395 0.73 0.0
          0.4 0.73 0.0
          0.405 0.73 0.0
          0.41 0.73 0.0
          0.415 0.73 0.0
          0.42 0.73 0.0
          0.425 0.73 0.0
          0.43 0.73 0.0
          0.435 0.73 0.0
          0.44 0.73 0.0
          0.445 0.73 0.0
          0.45 0.73 0.0
          0.455 0.73 0.0
          0.46 0.73 0.0
          0.465 0.73 0.0
          0.47 0.73 0.0
          0.475 0.73 0.0
          0.48 0.73 0.0
          0.485 0.73 0.0
          0.49 0.73 0.0
          0.495 0.73 0.0
          0.255 0.735 0.0
          0.26 0.735 0.0
          0.265 0.735 0.0
          0.27 0.735 0.0
          0.275 0.735 0.0
          0.28 0.735 0.0
          0.285 0.735 0.0
          0.29 0.735 0.0
          0.295 0.735 0.0
          0.3 0.735 0.0
          0.305 0.735 0.0
          0.31 0.735 0.0
          0.315 0.735 0.0
          0.32 0.735 0.0
          0.325 0.735 0.0
          0.33 0.735 0.0
          0.335 0.735 0.0
          0.34 0.735 0.0
          0.345 0.735 0.0
          0.35 0.735 0.0
          0.355 0.735 0.0
          0.36 0.735 0.0
          0.365 0.735 0.0
          0.37 0.735 0.0
          0.375 0.735 0.0
          0.38 0.735 0.0
          0.385 0.735 0.0
          0.39 0.735 0.0
          0.395 0.735 0.0
          0.4 0.735 0.0
          0.405 0.735 0.0
          0.41 0.735 0.0
          0.415 0.735 0.0
          0.42 0.735 0.0
          0.425 0.735 0.0
          0.43 0.735 0.0
          0.435 0.735 0.0
          0.44 0.735 0.0
          0.445 0.735 0.0
          0.45 0.735 0.0
          0.455 0.735 0.0
          0.46 0.735 0.0
          0.465 0.735 0.0
          0.47 0.735 0.0
          0.475 0.735 0.0
          0.48 0.735 0.0
          0.485 0.735 0.0
          0.49 0.735 0.0
          0.495 0.735 0.0
          0.255 0.74 0.0
          0.26 0.74 0.0
          0.265 0.74 0.0
          0.27 0.74 0.0
          0.275 0.74 0.0
          0.28 0.74 0.0
          0.285 0.74 0.0
          0.29 0.74 0.0
          0.295 0.74 0.0
          0.3 0.74 0.0
          0.305 0.74 0.0
          0.31 0.74 0.0
          0.315 0.74 0.0
          0.32 0.74 0.0
          0.325 0.74 0.0
          0.33 0.74 0.0
          0.335 0.74 0.0
          0.34 0.74 0.0
          0.345 0.74 0.0
          0.35 0.74 0.0
          0.355 0.74 0.0
          0.36 0.74 0.0
          0.365 0.74 0.0
          0.37 0.74 0.0
          0.375 0.74 0.0
          0.38 0.74 0.0
          0.385 0.74 0.0
          0.39 0.74 0.0
          0.395 0.74 0.0
          0.4 0.74 0.0
          0.405 0.74 0.0
          0.41 0.74 0.0
          0.415 0.74 0.0
          0.42 0.74 0.0
          0.425 0.74 0.0
          0.43 0.74 0.0
          0.435 0.74 0.0
          0.44 0.74 0.0
          0.445 0.74 0.0
          0.45 0.74 0.0
          0.455 0.74 0.0
          0.46 0.74 0.0
          0.465 0.74 0.0
          0.47 0.74 0.0
          0.475 0.74 0.0
          0.48 0.74 0.0
          0.485 0.74 0.0
          0.49 0.74 0.0
          0.495 0.74 0.0
          0.255 0.745 0.0
          0.26 0.745 0.0
          0.265 0.745 0.0
          0.27 0.745 0.0
          0.275 0.745 0.0
          0.28 0.745 0.0
          0.285 0.745 0.0
          0.29 0.745 0.0
          0.295 0.745 0.0
          0.3 0.745 0.0
          0.305 0.745 0.0
          0.31 0.745 0.0
          0.315 0.745 0.0
          0.32 0.745 0.0
          0.325 0.745 0.0
          0.33 0.745 0.0
          0.335 0.745 0.0
          0.34 0.745 0.0
          0.345 0.745 0.0
          0.35 0.745 0.0
          0.355 0.745 0.0
          0.36 0.745 0.0
          0.365 0.745 0.0
          0.37 0.745 0.0
          0.375 0.745 0.0
          0.38 0.745 0.0
          0.385 0.745 0.0
          0.39 0.745 0.0
          0.395 0.745 0.0
          0.4 0.745 0.0
          0.405 0.745 0.0
          0.41 0.745 0.0
          0.415 0.745 0.0
          0.42 0.745 0.0
          0.425 0.745 0.0
          0.43 0.745 0.0
          0.435 0.745 0.0
          0.44 0.745 0.0
          0.445 0.745 0.0
          0.45 0.745 0.0
          0.455 0.745 0.0
          0.46 0.745 0.0
          0.465 0.745 0.0
          0.47 0.745 0.0
          0.475 0.745 0.0
          0.48 0.745 0.0
          0.485 0.745 0.0
          0.49 0.745 0.0
          0.495 0.745 0.0
        </DataArray>
      </Points>
      <Cells>
        <DataArray type="Int32" Name="connectivity" format="ascii">
          200 0 4
          200 151 0
          201 4 5
          201 200 4
          202 5 6
          202 201 5
          203 6 7
          203 202 6
          204 7 8
          204 203 7
          205 8 9
          205 204 8
          206 9 10
          206 205 9
          207 10 11
          207 206 10
          208 11 12
          208 207 11
          209 12 13
          209 208 12
          210 13 14
          210 209 13
          211 14 15
          211 210 14
          212 15 16
          212 211 15
          213 16 17
          213 212 16
          214 17 18
          214 213 17
          215 18 19
          215 214 18
          216 19 20
          216 215 19
          217 20 21
          217 216 20
          218 21 22
          218 217 21
          219 22 23
          219 218 22
          220 23 24
          220 219 23
          221 24 25
          221 220 24
          222 25 26
          222 221 25
          223 26 27
          223 222 26
          224 27 28
          224 223 27
          225 28 29
          225 224 28
          226 29 30
          226 225 29
          227 30 31
          227 226 30
          228 31 32
          228 227 31
          229 32 33
          229 228 32
          230 33 34
          230 229 33
          231 34 35
          231 230 34
          232 35 36
          232 231 35
          233 36 37
          233 232 36
          234 37 38
          234 233 37
          235 38 39
          235 234 38
          236 39 40
          236 235 39
          237 40 41
          237 236 40
          238 41 42
          238 237 41
          239 42 43
          239 238 42
          240 43 44
          240 239 43
          241 44 45
          241 240 44
          242 45 46
          242 241 45
          243 46 47
          243 242 46
          244 47 48
          244 243 47
          245 48 49
          245 244 48
          246 49 50
          246 245 49
          247 50 51
          247 246 50
          248 51 52
          248 247 51
          248 52 53
          53 52 1
          249 151 200
          249 152 151
          250 200 201
          250 249 200
          251 201 202
          251 250 201
          252 202 203
          252 251 202
          253 203 204
          253 252 203
          254 204 205
          254 253 204
          255 205 206
          255 254 205
          256 206 207
          256 255 206
          257 207 208
          257 256 207
          258 208 209
          258 257 208
          259 209 210
          259 258 209
          260 210 211
          260 259 210
          261 211 212
          261 260 211
          262 212 213
          262 261 212
          263 213 214
          263 262 213
          264 214 215
          264 263 214
          265 215 216
          265 264 215
          266 216 217
          266 265 216
          267 217 218
          267 266 217
          268 218 219
          268 267 218
          269 219 220
          269 268 219
          270 220 221
          270 269 220
          271 221 222
          271 270 221
          272 222 223
          272 271 222
          273 223 224
          273 272 223
          274 224 225
          274 273 224
          275 225 226
          275 274 225
          276 226 227
          276 275 226
          277 227 228
          277 276 227
          278 228 229
          278 277 228
          279 229 230
          279 278 229
          280 230 231
          280 279 230
          281 231 232
          281 280 231
          282 232 233
          282 281 232
          283 233 234
          283 282 233
          284 234 235
          284 283 234
          285 235 236
          285 284 235
          286 236 237
          286 285 236
          287 237 238
          287 286 237
          288 238 239
          288 287 238
          289 239 240
          289 288 239
          290 240 241
          290 289 240
          291 241 242
          291 290 241
          292 242 243
          292 291 242
          293 243 244
          293 292 243
          294 244 245
          294 293 244
          295 245 246
          295 294 245
          296 246 247
          296 295 246
          297 247 248
          297 296 247
          297 248 54
          54 248 53
          298 152 249
          298 153 152
          299 249 250
          299 298 249
          300 250 251
          300 299 250
          301 251 252
          301 300 251
          302 252 253
          302 301 252
          303 253 254
          303 302 253
          304 254 255
          304 303 254
          305 255 256
          305 304 255
          306 256 257
          306 305 256
          307 257 258
          307 306 257
          308 258 259
          308 307 258
          309 259 260
          309 308 259
          310 260 261
          310 309 260
          311 261 262
          311 310 261
          312 262 263
          312 311 262
          313 263 264
          313 312 263
          314 264 265
          314 313 264
          315 265 266
          315 314 265
          316 266 267
          316 315 266
          317 267 268
          317 316 267
          318 268 269
          318 317 268
          319 269 270
          319 318 269
          320 270 271
          320 319 270
          321 271 272
          321 320 271
          322 272 273
          322 321 272
          323 273 274
          323 322 273
          324 274 275
          324 323 274
          325 275 276
          325 324 275
          326 276 277
          326 325 276
          327 277 278
          327 326 277
          328 278 279
          328 327 278
          329 279 280
          329 328 279
          330 280 281
          330 329 280
          331 281 282
          331 330 281
          332 282 283
          332 331 282
          333 283 284
          333 332 283
          334 284 285
          334 333 284
          335 285 286
          335 334 285
          336 286 287
          336 335 286
          337 287 288
          337 336 287
          338 288 289
          338 337 288
          339 289 290
          339 338 289
          340 290 291
          340 339 290
          341 291 292
          341 340 291
          342 292 293
          342 341 292
          343 293 294
          343 342 293
          344 294 295
          344 343 294
          345 295 296
          345 344 295
          346 296 297
          346 345 296
          346 297 55
          55 297 54
          347 153 298
          347 154 153
          348 298 299
          348 347 298
          349 299 300
          349 348 299
          350 300 301
          350 349 300
          351 301 302
          351 350 301
          352 302 303
          352 351 302
          353 303 304
          353 352 303
          354 304 305
          354 353 304
          355 305 306
          355 354 305
          356 306 307
          356 355 306
          357 307 308
          357 356 307
          358 308 309
          358 357 308
          359 309 310
          359 358 309
          360 310 311
          360 359 310
          361 311 312
          361 360 311
          362 312 313
          362 361 312
          363 313 314
          363 362 313
          364 314 315
          364 363 314
          365 315 316
          365 364 315
          366 316 317
          366 365 316
          367 317 318
          367 366 317
          368 318 319
          368 367 318
          369 319 320
          369 368 319
          370 320 321
          370 369 320
          371 321 322
          371 370 321
          372 322 323
          372 371 322
          373 323 324
          373 372 323
          374 324 325
          374 373 324
          375 325 326
          375 374 325
          376 326 327
          376 375 326
          377 327 328
          377 376 327
          378 328 329
          378 377 328
          379 329 330
          379 378 329
          380 330 331
          380 379 330
          381 331 332
          381 380 331
          382 332 333
          382 381 332
          383 333 334
          383 382 333
          384 334 335
          384 383 334
          385 335 336
          385 384 335
          386 336 337
          386 385 336
          387 337 338
          387 386 337
          388 338 339
          388 387 338
          389 339 340
          389 388 339
          390 340 341
          390 389 340
          391 341 342
          391 390 341
          392 342 343
          392 391 342
          393 343 344
          393 392 343
          394 344 345
          394 393 344
          395 345 346
          395 394 345
          395 346 56
          56 346 55
          396 154 347
          396 155 154
          397 347 348
          397 396 347
          398 348 349
          398 397 348
          399 349 350
          399 398 349
          400 350 351
          400 399 350
          401 351 352
          401 400 351
          402 352 353
          402 401 352
          403 353 354
          403 402 353
          404 354 355
          404 403 354
          405 355 356
          405 404 355
          406 356 357
          406 405 356
          407 357 358
          407 406 357
          408 358 359
          408 407 358
          409 359 360
          409 408 359
          410 360 361
          410 409 360
          411 361 362
          411 410 361
          412 362 363
          412 411 362
          413 363 364
          413 412 363
          414 364 365
          414 413 364
          415 365 366
          415 414 365
          416 366 367
          416 415 366
          417 367 368
          417 416 367
          418 368 369
          418 417 368
          419 369 370
          419 418 369
          420 370 371
          420 419 370
          421 371 372
          421 420 371
          422 372 373
          422 421 372
          423 373 374
          423 422 373
          424 374 375
          424 423 374
          425 375 376
          425 424 375
          426 376 377
          426 425 376
          427 377 378
          427 426 377
          428 378 379
          428 427 378
          429 379 380
          429 428 379
          430 380 381
          430 429 380
          431 381 382
          431 430 381
          432 382 383
          432 431 382
          433 383 384
          433 432 383
          434 384 385
          434 433 384
          435 385 386
          435 434 385
          436 386 387
          436 435 386
          437 387 388
          437 436 387
          438 388 389
          438 437 388
          439 389 390
          439 438 389
          440 390 391
          440 439 390
          441 391 392
          441 440 391
          442 392 393
          442 441 392
          443 393 394
          443 442 393
          444 394 395
          444 443 394
          444 395 57
          57 395 56
          445 155 396
          445 156 155
          446 396 397
          446 445 396
          447 397 398
          447 446 397
          448 398 399
          448 447 398
          449 399 400
          449 448 399
          450 400 401
          450 449 400
          451 401 402
          451 450 401
          452 402 403
          452 451 402
          453 403 404
          453 452 403
          454 404 405
          454 453 404
          455 405 406
          455 454 405
          456 406 407
          456 455 406
          457 407 408
          457 456 407
          458 408 409
          458 457 408
          459 409 410
          459 458 409
          460 410 411
          460 459 410
          461 411 412
          461 460 411
          462 412 413
          462 461 412
          463 413 414
          463 462 413
          464 414 415
          464 463 414
          465 415 416
          465 464 415
          466 416 417
          466 465 416
          467 417 418
          467 466 417
          468 418 419
          468 467 418
          469 419 420
          469 468 419
          470 420 421
          470 469 420
          471 421 422
          471 470 421
          472 422 423
          472 471 422
          473 423 424
          473 472 423
          474 424 425
          474 473 424
          475 425 426
          475 474 425
          476 426 427
          476 475 426
          477 427 428
          477 476 427
          478 428 429
          478 477 428
          479 429 430
          479 478 429
          480 430 431
          480 479 430
          481 431 432
          481 480 431
          482 432 433
          482 481 432
          483 433 434
          483 482 433
          484 434 435
          484 483 434
          485 435 436
          485 484 435
          486 436 437
          486 485 436
          487 437 438
          487 486 437
          488 438 439
          488 487 438
          489 439 440
          489 488 439
          490 440 441
          490 489 440
          491 441 442
          491 490 441
          492 442 443
          492 491 442
          493 443 444
          493 492 443
          493 444 58
          58 444 57
          494 156 445
          494 157 156
          495 445 446
          495 494 445
          496 446 447
          496 495 446
          497 447 448
          497 496 447
          498 448 449
          498 497 448
          499 449 450
          499 498 449
          500 450 451
          500 499 450
          501 451 452
          501 500 451
          502 452 453
          502 501 452
          503 453 454
          503 502 453
          504 454 455
          504 503 454
          505 455 456
          505 504 455
          506 456 457
          506 505 456
          507 457 458
          507 506 457
          508 458 459
          508 507 458
          509 459 460
          509 508 459
          510 460 461
          510 509 460
          511 461 462
          511 510 461
          512 462 463
          512 511 462
          513 463 464
          513 512 463
          514 464 465
          514 513 464
          515 465 466
          515 514 465
          516 466 467
          516 515 466
          517 467 468
          517 516 467
          518 468 469
          518 517 468
          519 469 470
          519 518 469
          520 470 471
          520 519 470
          521 471 472
          521 520 471
          522 472 473
          522 521 472
          523 473 474
          523 522 473
          524 474 475
          524 523 474
          525 475 476
          525 524 475
          526 476 477
          526 525 476
          527 477 478
          527 526 477
          528 478 479
          528 527 478
          529 479 480
          529 528 479
          530 480 481
          530 529 480
          531 481 482
          531 530 481
          532 482 483
          532 531 482
          533 483 484
          533 532 483
          534 484 485
          534 533 484
          535 485 486
          535 534 485
          536 486 487
          536 535 486
          537 487 488
          537 536 487
          538 488 489
          538 537 488
          539 489 490
          539 538 489
          540 490 491
          540 539 490
          541 491 492
          541 540 491
          542 492 493
          542 541 492
          542 493 59
          59 493 58
          543 157 494
          543 158 157
          544 494 495
          544 543 494
          545 495 496
          545 544 495
          546 496 497
          546 545 496
          547 497 498
          547 546 497
          548 498 499
          548 547 498
          549 499 500
          549 548 499
          550 500 501
          550 549 500
          551 501 502
          551 550 501
          552 502 503
          552 551 502
          553 503 504
          553 552 503
          554 504 505
          554 553 504
          555 505 506
          555 554 505
          556 506 507
          556 555 506
          557 507 508
          557 556 507
          558 508 509
          558 557 508
          559 509 510
          559 558 509
          560 510 511
          560 559 510
          561 511 512
          561 560 511
          562 512 513
          562 561 512
          563 513 514
          563 562 513
          564 514 515
          564 563 514
          565 515 516
          565 564 515
          566 516 517
          566 565 516
          567 517 518
          567 566 517
          568 518 519
          568 567 518
          569 519 520
          569 568 519
          570 520 521
          570 569 520
          571 521 522
          571 570 521
          572 522 523
          572 571 522
          573 523 524
          573 572 523
          574 524 525
          574 573 524
          575 525 526
          575 574 525
          576 526 527
          576 575 526
          577 527 528
          577 576 527
          578 528 529
          578 577 528
          579 529 530
          579 578 529
          580 530 531
          580 579 530
          581 531 532
          581 580 531
          582 532 533
          582 581 532
          583 533 534
          583 582 533
          584 534 535
          584 583 534
          585 535 536
          585 584 535
          586 536 537
          586 585 536
          587 537 538
          587 586 537
          588 538 539
          588 587 538
          589 539 540
          589 588 539
          590 540 541
          590 589 540
          591 541 542
          591 590 541
          591 542 60
          60 542 59
          592 158 543
          592 159 158
          593 543 544
          593 592 543
          594 544 545
          594 593 544
          595 545 546
          595 594 545
          596 546 547
          596 595 546
          597 547 548
          597 596 547
          598 548 549
          598 597 548
          599 549 550
          599 598 549
          600 550 551
          600 599 550
          601 551 552
          601 600 551
          602 552 553
          602 601 552
          603 553 554
          603 602 553
          604 554 555
          604 603 554
          605 555 556
          605 604 555
          606 556 557
          606 605 556
          607 557 558
          607 606 557
          608 558 559
          608 607 558
          609 559 560
          609 608 559
          610 560 561
          610 609 560
          611 561 562
          611 610 561
          612 562 563
          612 611 562
          613 563 564
          613 612 563
          614 564 565
          614 613 564
          615 565 566
          615 614 565
          616 566 567
          616 615 566
          617 567 568
          617 616 567
          618 568 569
          618 617 568
          619 569 570
          619 618 569
          620 570 571
          620 619 570
          621 571 572
          621 620 571
          622 572 573
          622 621 572
          623 573 574
          623 622 573
          624 574 575
          624 623 574
          625 575 576
          625 624 575
          626 576 577
          626 625 576
          627 577 578
          627 626 577
          628 578 579
          628 627 578
          629 579 580
          629 628 579
          630 580 581
          630 629 580
          631 581 582
          631 630 581
          632 582 583
          632 631 582
          633 583 584
          633 632 583
          634 584 585
          634 633 584
          635 585 586
          635 634 585
          636 586 587
          636 635 586
          637 587 588
          637 636 587
          638 588 589
          638 637 588
          639 589 590
          639 638 589
          640 590 591
          640 639 590
          640 591 61
          61 591 60
          641 159 592
          641 160 159
          642 592 593
          642 641 592
          643 593 594
          643 642 593
          644 594 595
          644 643 594
          645 595 596
          645 644 595
          646 596 597
          646 645 596
          647 597 598
          647 646 597
          648 598 599
          648 647 598
          649 599 600
          649 648 599
          650 600 601
          650 649 600
          651 601 602
          651 650 601
          652 602 603
          652 651 602
          653 603 604
          653 652 603
          654 604 605
          654 653 604
          655 605 606
          655 654 605
          656 606 607
          656 655 606
          657 607 608
          657 656 607
          658 608 609
          658 657 608
          659 609 610
          659 658 609
          660 610 611
          660 659 610
          661 611 612
          661 660 611
          662 612 613
          662 661 612
          663 613 614
          663 662 613
          664 614 615
          664 663 614
          665 615 616
          665 664 615
          666 616 617
          666 665 616
          667 617 618
          667 666 617
          668 618 619
          668 667 618
          669 619 620
          669 668 619
          670 620 621
          670 669 620
          671 621 622
          671 670 621
          672 622 623
          672 671 622
          673 623 624
          673 672 623
          674 624 625
          674 673 624
          675 625 626
          675 674 625
          676 626 627
          676 675 626
          677 627 628
          677 676 627
          678 628 629
          678 677 628
          679 629 630
          679 678 629
          680 630 631
          680 679 630
          681 631 632
          681 680 631
          682 632 633
          682 681 632
          683 633 634
          683 682 633
          684 634 635
          684 683 634
          685 635 636
          685 684 635
          686 636 637
          686 685 636
          687 637 638
          687 686 637
          688 638 639
          688 687 638
          689 639 640
          689 688 639
          689 640 62
          62 640 61
          690 160 641
          690 161 160
          691 641 642
          691 690 641
          692 642 643
          692 691 642
          693 643 644
          693 692 643
          694 644 645
          694 693 644
          695 645 646
          695 694 645
          696 646 647
          696 695 646
          697 647 648
          697 696 647
          698 648 649
          698 697 648
          699 649 650
          699 698 649
          700 650 651
          700 699 650
          701 651 652
          701 700 651
          702 652 653
          702 701 652
          703 653 654
          703 702 653
          704 654 655
          704 703 654
          705 655 656
          705 704 655
          706 656 657
          706 705 656
          707 657 658
          707 706 657
          708 658 659
          708 707 658
          709 659 660
          709 708 659
          710 660 661
          710 709 660
          711 661 662
          711 710 661
          712 662 663
          712 711 662
          713 663 664
          713 712 663
          714 664 665
          714 713 664
          715 665 666
          715 714 665
          716 666 667
          716 715 666
          717 667 668
          717 716 667
          718 668 669
          718 717 668
          719 669 670
          719 718 669
          720 670 671
          720 719 670
          721 671 672
          721 720 671
          722 672 673
          722 721 672
          723 673 674
          723 722 673
          724 674 675
          724 723 674
          725 675 676
          725 724 675
          726 676 677
          726 725 676
          727 677 678
          727 726 677
          728 678 679
          728 727 678
          729 679 680
          729 728 679
          730 680 681
          730 729 680
          731 681 682
          731 730 681
          732 682 683
          732 731 682
          733 683 684
          733 732 683
          734 684 685
          734 733 684
          735 685 686
          735 734 685
          736 686 687
          736 735 686
          737 687 688
          737 736 687
          738 688 689
          738 737 688
          738 689 63
          63 689 62
          739 161 690
          739 162 161
          740 690 691
          740 739 690
          741 691 692
          741 740 691
          742 692 693
          742 741 692
          743 693 694
          743 742 693
          744 694 695
          744 743 694
          745 695 696
          745 744 695
          746 696 697
          746 745 696
          747 697 698
          747 746 697
          748 698 699
          748 747 698
          749 699 700
          749 748 699
          750 700 701
          750 749 700
          751 701 702
          751 750 701
          752 702 703
          752 751 702
          753 703 704
          753 752 703
          754 704 705
          754 753 704
          755 705 706
          755 754 705
          756 706 707
          756 755 706
          757 707 708
          757 756 707
          758 708 709
          758 757 708
          759 709 710
          759 758 709
          760 710 711
          760 759 710
          761 711 712
          761 760 711
          762 712 713
          762 761 712
          763 713 714
          763 762 713
          764 714 715
          764 763 714
          765 715 716
          765 764 715
          766 716 717
          766 765 716
          767 717 718
          767 766 717
          768 718 719
          768 767 718
          769 719 720
          769 768 719
          770 720 721
          770 769 720
          771 721 722
          771 770 721
          772 722 723
          772 771 722
          773 723 724
          773 772 723
          774 724 725
          774 773 724
          775 725 726
          775 774 725
          776 726 727
          776 775 726
          777 727 728
          777 776 727
          778 728 729
          778 777 728
          779 729 730
          779 778 729
          780 730 731
          780 779 730
          781 731 732
          781 780 731
          782 732 733
          782 781 732
          783 733 734
          783 782 733
          784 734 735
          784 783 734
          785 735 736
          785 784 735
          786 736 737
          786 785 736
          787 737 738
          787 786 737
          787 738 64
          64 738 63
          788 162 739
          788 163 162
          789 739 740
          789 788 739
          790 740 741
          790 789 740
          791 741 742
          791 790 741
          792 742 743
          792 791 742
          793 743 744
          793 792 743
          794 744 745
          794 793 744
          795 745 746
          795 794 745
          796 746 747
          796 795 746
          797 747 748
          797 796 747
          798 748 749
          798 797 748
          799 749 750
          799 798 749
          800 750 751
          800 799 750
          801 751 752
          801 800 751
          802 752 753
          802 801 752
          803 753 754
          803 802 753
          804 754 755
          804 803 754
          805 755 756
          805 804 755
          806 756 757
          806 805 756
          807 757 758
          807 806 757
          808 758 759
          808 807 758
          809 759 760
          809 808 759
          810 760 761
          810 809 760
          811 761 762
          811 810 761
          812 762 763
          812 811 762
          813 763 764
          813 812 763
          814 764 765
          814 813 764
          815 765 766
          815 814 765
          816 766 767
          816 815 766
          817 767 768
          817 816 767
          818 768 769
          818 817 768
          819 769 770
          819 818 769
          820 770 771
          820 819 770
          821 771 772
          821 820 771
          822 772 773
          822 821 772
          823 773 774
          823 822 773
          824 774 775
          824 823 774
          825 775 776
          825 824 775
          826 776 777
          826 825 776
          827 777 778
          827 826 777
          828 778 779
          828 827 778
          829 779 780
          829 828 779
          830 780 781
          830 829 780
          831 781 782
          831 830 781
          832 782 783
          832 831 782
          833 783 784
          833 832 783
          834 784 785
          834 833 784
          835 785 786
          835 834 785
          836 786 787
          836 835 786
          836 787 65
          65 787 64
          837 163 788
          837 164 163
          838 788 789
          838 837 788
          839 789 790
          839 838 789
          840 790 791
          840 839 790
          841 791 792
          841 840 791
          842 792 793
          842 841 792
          843 793 794
          843 842 793
          844 794 795
          844 843 794
          845 795 796
          845 844 795
          846 796 797
          846 845 796
          847 797 798
          847 846 797
          848 798 799
          848 847 798
          849 799 800
          849 848 799
          850 800 801
          850 849 800
          851 801 802
          851 850 801
          852 802 803
          852 851 802
          853 803 804
          853 852 803
          854 804 805
          854 853 804
          855 805 806
          855 854 805
          856 806 807
          856 855 806
          857 807 808
          857 856 807
          858 808 809
          858 857 808
          859 809 810
          859 858 809
          860 810 811
          860 859 810
          861 811 812
          861 860 811
          862 812 813
          862 861 812
          863 813 814
          863 862 813
          864 814 815
          864 863 814
          865 815 816
          865 864 815
          866 816 817
          866 865 816
          867 817 818
          867 866 817
          868 818 819
          868 867 818
          869 819 820
          869 868 819
          870 820 821
          870 869 820
          871 821 822
          871 870 821
          872 822 823
          872 871 822
          873 823 824
          873 872 823
          874 824 825
          874 873 824
          875 825 826
          875 874 825
          876 826 827
          876 875 826
          877 827 828
          877 876 827
          878 828 829
          878 877 828
          879 829 830
          879 878 829
          880 830 831
          880 879 830
          881 831 832
          881 880 831
          882 832 833
          882 881 832
          883 833 834
          883 882 833
          884 834 835
          884 883 834
          885 835 836
          885 884 835
          885 836 66
          66 836 65
          886 164 837
          886 165 164
          887 837 838
          887 886 837
          888 838 839
          888 887 838
          889 839 840
          889 888 839
          890 840 841
          890 889 840
          891 841 842
          891 890 841
          892 842 843
          892 891 842
          893 843 844
          893 892 843
          894 844 845
          894 893 844
          895 845 846
          895 894 845
          896 846 847
          896 895 846
          897 847 848
          897 896 847
          898 848 849
          898 897 848
          899 849 850
          899 898 849
          900 850 851
          900 899 850
          901 851 852
          901 900 851
          902 852 853
          902 901 852
          903 853 854
          903 902 853
          904 854 855
          904 903 854
          905 855 856
          905 904 855
          906 856 857
          906 905 856
          907 857 858
          907 906 857
          908 858 859
          908 907 858
          909 859 860
          909 908 859
          910 860 861
          910 909 860
          911 861 862
          911 910 861
          912 862 863
          912 911 862
          913 863 864
          913 912 863
          914 864 865
          914 913 864
          915 865 866
          915 914 865
          916 866 867
          916 915 866
          917 867 868
          917 916 867
          918 868 869
          918 917 868
          919 869 870
          919 918 869
          920 870 871
          920 919 870
          921 871 872
          921 920 871
          922 872 873
          922 921 872
          923 873 874
          923 922 873
          924 874 875
          924 923 874
          925 875 876
          925 924 875
          926 876 877
          926 925 876
          927 877 878
          927 926 877
          928 878 879
          928 927 878
          929 879 880
          929 928 879
          930 880 881
          930 929 880
          931 881 882
          931 930 881
          932 882 883
          932 931 882
          933 883 884
          933 932 883
          934 884 885
          934 933 884
          934 885 67
          67 885 66
          935 165 886
          935 166 165
          936 886 887
          936 935 886
          937 887 888
          937 936 887
          938 888 889
          938 937 888
          939 889 890
          939 938 889
          940 890 891
          940 939 890
          941 891 892
          941 940 891
          942 892 893
          942 941 892
          943 893 894
          943 942 893
          944 894 895
          944 943 894
          945 895 896
          945 944 895
          946 896 897
          946 945 896
          947 897 898
          947 946 897
          948 898 899
          948 947 898
          949 899 900
          949 948 899
          950 900 901
          950 949 900
          951 901 902
          951 950 901
          952 902 903
          952 951 902
          953 903 904
          953 952 903
          954 904 905
          954 953 904
          955 905 906
          955 954 905
          956 906 907
          956 955 906
          957 907 908
          957 956 907
          958 908 909
          958 957 908
          959 909 910
          959 958 909
          960 910 911
          960 959 910
          961 911 912
          961 960 911
          962 912 913
          962 961 912
          963 913 914
          963 962 913
          964 914 915
          964 963 914
          965 915 916
          965 964 915
          966 916 917
          966 965 916
          967 917 918
          967 966 917
          968 918 919
          968 967 918
          969 919 920
          969 968 919
          970 920 921
          970 969 920
          971 921 922
          971 970 921
          972 922 923
          972 971 922
          973 923 924
          973 972 923
          974 924 925
          974 973 924
          975 925 926
          975 974 925
          976 926 927
          976 975 926
          977 927 928
          977 976 927
          978 928 929
          978 977 928
          979 929 930
          979 978 929
          980 930 931
          980 979 930
          981 931 932
          981 980 931
          982 932 933
          982 981 932
          983 933 934
          983 982 933
          983 934 68
          68 934 67
          984 166 935
          984 167 166
          985 935 936
          985 984 935
          986 936 937
          986 985 936
          987 937 938
          987 986 937
          988 938 939
          988 987 938
          989 939 940
          989 988 939
          990 940 941
          990 989 940
          991 941 942
          991 990 941
          992 942 943
          992 991 942
          993 943 944
          993 992 943
          994 944 945
          994 993 944
          995 945 946
          995 994 945
          996 946 947
          996 995 946
          997 947 948
          997 996 947
          998 948 949
          998 997 948
          999 949 950
          999 998 949
          1000 950 951
          1000 999 950
          1001 951 952
          1001 1000 951
          1002 952 953
          1002 1001 952
          1003 953 954
          1003 1002 953
          1004 954 955
          1004 1003 954
          1005 955 956
          1005 1004 955
          1006 956 957
          1006 1005 956
          1007 957 958
          1007 1006 957
          1008 958 959
          1008 1007 958
          1009 959 960
          1009 1008 959
          1010 960 961
          1010 1009 960
          1011 961 962
          1011 1010 961
          1012 962 963
          1012 1011 962
          1013 963 964
          1013 1012 963
          1014 964 965
          1014 1013 964
          1015 965 966
          1015 1014 965
          1016 966 967
          1016 1015 966
          1017 967 968
          1017 1016 967
          1018 968 969
          1018 1017 968
          1019 969 970
          1019 1018 969
          1020 970 971
          1020 1019 970
          1021 971 972
          1021 1020 971
          1022 972 973
          1022 1021 972
          1023 973 974
          1023 1022 973
          1024 974 975
          1024 1023 974
          1025 975 976
          1025 1024 975
          1026 976 977
          1026 1025 976
          1027 977 978
          1027 1026 977
          1028 978 979
          1028 1027 978
          1029 979 980
          1029 1028 979
          1030 980 981
          1030 1029 980
          1031 981 982
          1031 1030 981
          1032 982 983
          1032 1031 982
          1032 983 69
          69 983 68
          1033 167 984
          1033 168 167
          1034 984 985
          1034 1033 984
          1035 985 986
          1035 1034 985
          1036 986 987
          1036 1035 986
          1037 987 988
          1037 1036 987
          1038 988 989
          1038 1037 988
          1039 989 990
          1039 1038 989
          1040 990 991
          1040 1039 990
          1041 991 992
          1041 1040 991
          1042 992 993
          1042 1041 992
          1043 993 994
          1043 1042 993
          1044 994 995
          1044 1043 994
          1045 995 996
          1045 1044 995
          1046 996 997
          1046 1045 996
          1047 997 998
          1047 1046 997
          1048 998 999
          1048 1047 998
          1049 999 1000
          1049 1048 999
          1050 1000 1001
          1050 1049 1000
          1051 1001 1002
          1051 1050 1001
          1052 1002 1003
          1052 1051 1002
          1053 1003 1004
          1053 1052 1003
          1054 1004 1005
          1054 1053 1004
          1055 1005 1006
          1055 1054 1005
          1056 1006 1007
          1056 1055 1006
          1057 1007 1008
          1057 1056 1007
          1058 1008 1009
          1058 1057 1008
          1059 1009 1010
          1059 1058 1009
          1060 1010 1011
          1060 1059 1010
          1061 1011 1012
          1061 1060 1011
          1062 1012 1013
          1062 1061 1012
          1063 1013 1014
          1063 1062 1013
          1064 1014 1015
          1064 1063 1014
          1065 1015 1016
          1065 1064 1015
          1066 1016 1017
          1066 1065 1016
          1067 1017 1018
          1067 1066 1017
          1068 1018 1019
          1068 1067 1018
          1069 1019 1020
          1069 1068 1019
          1070 1020 1021
          1070 1069 1020
          1071 1021 1022
          1071 1070 1021
          1072 1022 1023
          1072 1071 1022
          1073 1023 1024
          1073 1072 1023
          1074 1024 1025
          1074 1073 1024
          1075 1025 1026
          1075 1074 1025
          1076 1026 1027
          1076 1075 1026
          1077 1027 1028
          1077 1076 1027
          1078 1028 1029
          1078 1077 1028
          1079 1029 1030
          1079 1078 1029
          1080 1030 1031
          1080 1079 1030
          1081 1031 1032
          1081 1080 1031
          1081 1032 70
          70 1032 69
          1082 168 1033
          1082 169 168
          1083 1033 1034
          1083 1082 1033
          1084 1034 1035
          1084 1083 1034
          1085 1035 1036
          1085 1084 1035
          1086 1036 1037
          1086 1085 1036
          1087 1037 1038
          1087 1086 1037
          1088 1038 1039
          1088 1087 1038
          1089 1039 1040
          1089 1088 1039
          1090 1040 1041
          1090 1089 1040
          1091 1041 1042
          1091 1090 1041
          1092 1042 1043
          1092 1091 1042
          1093 1043 1044
          1093 1092 1043
          1094 1044 1045
          1094 1093 1044
          1095 1045 1046
          1095 1094 1045
          1096 1046 1047
          1096 1095 1046
          1097 1047 1048
          1097 1096 1047
          1098 1048 1049
          1098 1097 1048
          1099 1049 1050
          1099 1098 1049
          1100 1050 1051
          1100 1099 1050
          1101 1051 1052
          1101 1100 1051
          1102 1052 1053
          1102 1101 1052
          1103 1053 1054
          1103 1102 1053
          1104 1054 1055
          1104 1103 1054
          1105 1055 1056
          1105 1104 1055
          1106 1056 1057
          1106 1105 1056
          1107 1057 1058
          1107 1106 1057
          1108 1058 1059
          1108 1107 1058
          1109 1059 1060
          1109 1108 1059
          1110 1060 1061
          1110 1109 1060
          1111 1061 1062
          1111 1110 1061
          1112 1062 1063
          1112 1111 1062
          1113 1063 1064
          1113 1112 1063
          1114 1064 1065
          1114 1113 1064
          1115 1065 1066
          1115 1114 1065
          1116 1066 1067
          1116 1115 1066
          1117 1067 1068
          1117 1116 1067
          1118 1068 1069
          1118 1117 1068
          1119 1069 1070
          1119 1118 1069
          1120 1070 1071
          1120 1119 1070
          1121 1071 1072
          1121 1120 1071
          1122 1072 1073
          1122 1121 1072
          1123 1073 1074
          1123 1122 1073
          1124 1074 1075
          1124 1123 1074
          1125 1075 1076
          1125 1124 1075
          1126 1076 1077
          1126 1125 1076
          1127 1077 1078
          1127 1126 1077
          1128 1078 1079
          1128 1127 1078
          1129 1079 1080
          1129 1128 1079
          1130 1080 1081
          1130 1129 1080
          1130 1081 71
          71 1081 70
          1131 169 1082
          1131 170 169
          1132 1082 1083
          1132 1131 1082
          1133 1083 1084
          1133 1132 1083
          1134 1084 1085
          1134 1133 1084
          1135 1085 1086
          1135 1134 1085
          1136 1086 1087
          1136 1135 1086
          1137 1087 1088
          1137 1136 1087
          1138 1088 1089
          1138 1137 1088
          1139 1089 1090
          1139 1138 1089
          1140 1090 1091
          1140 1139 1090
          1141 1091 1092
          1141 1140 1091
          1142 1092 1093
          1142 1141 1092
          1143 1093 1094
          1143 1142 1093
          1144 1094 1095
          1144 1143 1094
          1145 1095 1096
          1145 1144 1095
          1146 1096 1097
          1146 1145 1096
          1147 1097 1098
          1147 1146 1097
          1148 1098 1099
          1148 1147 1098
          1149 1099 1100
          1149 1148 1099
          1150 1100 1101
          1150 1149 1100
          1151 1101 1102
          1151 1150 1101
          1152 1102 1103
          1152 1151 1102
          1153 1103 1104
          1153 1152 1103
          1154 1104 1105
          1154 1153 1104
          1155 1105 1106
          1155 1154 1105
          1156 1106 1107
          1156 1155 1106
          1157 1107 1108
          1157 1156 1107
          1158 1108 1109
          1158 1157 1108
          1159 1109 1110
          1159 1158 1109
          1160 1110 1111
          1160 1159 1110
          1161 1111 1112
          1161 1160 1111
          1162 1112 1113
          1162 1161 1112
          1163 1113 1114
          1163 1162 1113
          1164 1114 1115
          1164 1163 1114
          1165 1115 1116
          1165 1164 1115
          1166 1116 1117
          1166 1165 1116
          1167 1117 1118
          1167 1166 1117
          1168 1118 1119
          1168 1167 1118
          1169 1119 1120
          1169 1168 1119
          1170 1120 1121
          1170 1169 1120
          1171 1121 1122
          1171 1170 1121
          1172 1122 1123
          1172 1171 1122
          1173 1123 1124
          1173 1172 1123
          1174 1124 1125
          1174 1173 1124
          1175 1125 1126
          1175 1174 1125
          1176 1126 1127
          1176 1175 1126
          1177 1127 1128
          1177 1176 1127
          1178 1128 1129
          1178 1177 1128
          1179 1129 1130
          1179 1178 1129
          1179 1130 72
          72 1130 71
          1180 170 1131
          1180 171 170
          1181 1131 1132
          1181 1180 1131
          1182 1132 1133
          1182 1181 1132
          1183 1133 1134
          1183 1182 1133
          1184 1134 1135
          1184 1183 1134
          1185 1135 1136
          1185 1184 1135
          1186 1136 1137
          1186 1185 1136
          1187 1137 1138
          1187 1186 1137
          1188 1138 1139
          1188 1187 1138
          1189 1139 1140
          1189 1188 1139
          1190 1140 1141
          1190 1189 1140
          1191 1141 1142
          1191 1190 1141
          1192 1142 1143
          1192 1191 1142
          1193 1143 1144
          1193 1192 1143
          1194 1144 1145
          1194 1193 1144
          1195 1145 1146
          1195 1194 1145
          1196 1146 1147
          1196 1195 1146
          1197 1147 1148
          1197 1196 1147
          1198 1148 1149
          1198 1197 1148
          1199 1149 1150
          1199 1198 1149
          1200 1150 1151
          1200 1199 1150
          1201 1151 1152
          1201 1200 1151
          1202 1152 1153
          1202 1201 1152
          1203 1153 1154
          1203 1202 1153
          1204 1154 1155
          1204 1203 1154
          1205 1155 1156
          1205 1204 1155
          1206 1156 1157
          1206 1205 1156
          1207 1157 1158
          1207 1206 1157
          1208 1158 1159
          1208 1207 1158
          1209 1159 1160
          1209 1208 1159
          1210 1160 1161
          1210 1209 1160
          1211 1161 1162
          1211 1210 1161
          1212 1162 1163
          1212 1211 1162
          1213 1163 1164
          1213 1212 1163
          1214 1164 1165
          1214 1213 1164
          1215 1165 1166
          1215 1214 1165
          1216 1166 1167
          1216 1215 1166
          1217 1167 1168
          1217 1216 1167
          1218 1168 1169
          1218 1217 1168
          1219 1169 1170
          1219 1218 1169
          1220 1170 1171
          1220 1219 1170
          1221 1171 1172
          1221 1220 1171
          1222 1172 1173
          1222 1221 1172
          1223 1173 1174
          1223 1222 1173
          1224 1174 1175
          1224 1223 1174
          1225 1175 1176
          1225 1224 1175
          1226 1176 1177
          1226 1225 1176
          1227 1177 1178
          1227 1226 1177
          1228 1178 1179
          1228 1227 1178
          1228 1179 73
          73 1179 72
          1229 171 1180
          1229 172 171
          1230 1180 1181
          1230 1229 1180
          1231 1181 1182
          1231 1230 1181
          1232 1182 1183
          1232 1231 1182
          1233 1183 1184
          1233 1232 1183
          1234 1184 1185
          1234 1233 1184
          1235 1185 1186
          1235 1234 1185
          1236 1186 1187
          1236 1235 1186
          1237 1187 1188
          1237 1236 1187
          1238 1188 1189
          1238 1237 1188
          1239 1189 1190
          1239 1238 1189
          1240 1190 1191
          1240 1239 1190
          1241 1191 1192
          1241 1240 1191
          1242 1192 1193
          1242 1241 1192
          1243 1193 1194
          1243 1242 1193
          1244 1194 1195
          1244 1243 1194
          1245 1195 1196
          1245 1244 1195
          1246 1196 1197
          1246 1245 1196
          1247 1197 1198
          1247 1246 1197
          1248 1198 1199
          1248 1247 1198
          1249 1199 1200
          1249 1248 1199
          1250 1200 1201
          1250 1249 1200
          1251 1201 1202
          1251 1250 1201
          1252 1202 1203
          1252 1251 1202
          1253 1203 1204
          1253 1252 1203
          1254 1204 1205
          1254 1253 1204
          1255 1205 1206
          1255 1254 1205
          1256 1206 1207
          1256 1255 1206
          1257 1207 1208
          1257 1256 1207
          1258 1208 1209
          1258 1257 1208
          1259 1209 1210
          1259 1258 1209
          1260 1210 1211
          1260 1259 1210
          1261 1211 1212
          1261 1260 1211
          1262 1212 1213
          1262 1261 1212
          1263 1213 1214
          1263 1262 1213
          1264 1214 1215
          1264 1263 1214
          1265 1215 1216
          1265 1264 1215
          1266 1216 1217
          1266 1265 1216
          1267 1217 1218
          1267 1266 1217
          1268 1218 1219
          1268 1267 1218
          1269 1219 1220
          1269 1268 1219
          1270 1220 1221
          1270 1269 1220
          1271 1221 1222
          1271 1270 1221
          1272 1222 1223
          1272 1271 1222
          1273 1223 1224
          1273 1272 1223
          1274 1224 1225
          1274 1273 1224
          1275 1225 1226
          1275 1274 1225
          1276 1226 1227
          1276 1275 1226
          1277 1227 1228
          1277 1276 1227
          1277 1228 74
          74 1228 73
          1278 172 1229
          1278 173 172
          1279 1229 1230
          1279 1278 1229
          1280 1230 1231
          1280 1279 1230
          1281 1231 1232
          1281 1280 1231
          1282 1232 1233
          1282 1281 1232
          1283 1233 1234
          1283 1282 1233
          1284 1234 1235
          1284 1283 1234
          1285 1235 1236
          1285 1284 1235
          1286 1236 1237
          1286 1285 1236
          1287 1237 1238
          1287 1286 1237
          1288 1238 1239
          1288 1287 1238
          1289 1239 1240
          1289 1288 1239
          1290 1240 1241
          1290 1289 1240
          1291 1241 1242
          1291 1290 1241
          1292 1242 1243
          1292 1291 1242
          1293 1243 1244
          1293 1292 1243
          1294 1244 1245
          1294 1293 1244
          1295 1245 1246
          1295 1294 1245
          1296 1246 1247
          1296 1295 1246
          1297 1247 1248
          1297 1296 1247
          1298 1248 1249
          1298 1297 1248
          1299 1249 1250
          1299 1298 1249
          1300 1250 1251
          1300 1299 1250
          1301 1251 1252
          1301 1300 1251
          1302 1252 1253
          1302 1301 1252
          1303 1253 1254
          1303 1302 1253
          1304 1254 1255
          1304 1303 1254
          1305 1255 1256
          1305 1304 1255
          1306 1256 1257
          1306 1305 1256
          1307 1257 1258
          1307 1306 1257
          1308 1258 1259
          1308 1307 1258
          1309 1259 1260
          1309 1308 1259
          1310 1260 1261
          1310 1309 1260
          1311 1261 1262
          1311 1310 1261
          1312 1262 1263
          1312 1311 1262
          1313 1263 1264
          1313 1312 1263
          1314 1264 1265
          1314 1313 1264
          1315 1265 1266
          1315 1314 1265
          1316 1266 1267
          1316 1315 1266
          1317 1267 1268
          1317 1316 1267
          1318 1268 1269
          1318 1317 1268
          1319 1269 1270
          1319 1318 1269
          1320 1270 1271
          1320 1319 1270
          1321 1271 1272
          1321 1320 1271
          1322 1272 1273
          1322 1321 1272
          1323 1273 1274
          1323 1322 1273
          1324 1274 1275
          1324 1323 1274
          1325 1275 1276
          1325 1324 1275
          1326 1276 1277
          1326 1325 1276
          1326 1277 75
          75 1277 74
          1327 173 1278
          1327 174 173
          1328 1278 1279
          1328 1327 1278
          1329 1279 1280
          1329 1328 1279
          1330 1280 1281
          1330 1329 1280
          1331 1281 1282
          1331 1330 1281
          1332 1282 1283
          1332 1331 1282
          1333 1283 1284
          1333 1332 1283
          1334 1284 1285
          1334 1333 1284
          1335 1285 1286
          1335 1334 1285
          1336 1286 1287
          1336 1335 1286
          1337 1287 1288
          1337 1336 1287
          1338 1288 1289
          1338 1337 1288
          1339 1289 1290
          1339 1338 1289
          1340 1290 1291
          1340 1339 1290
          1341 1291 1292
          1341 1340 1291
          1342 1292 1293
          1342 1341 1292
          1343 1293 1294
          1343 1342 1293
          1344 1294 1295
          1344 1343 1294
          1345 1295 1296
          1345 1344 1295
          1346 1296 1297
          1346 1345 1296
          1347 1297 1298
          1347 1346 1297
          1348 1298 1299
          1348 1347 1298
          1349 1299 1300
          1349 1348 1299
          1350 1300 1301
          1350 1349 1300
          1351 1301 1302
          1351 1350 1301
          1352 1302 1303
          1352 1351 1302
          1353 1303 1304
          1353 1352 1303
          1354 1304 1305
          1354 1353 1304
          1355 1305 1306
          1355 1354 1305
          1356 1306 1307
          1356 1355 1306
          1357 1307 1308
          1357 1356 1307
          1358 1308 1309
          1358 1357 1308
          1359 1309 1310
          1359 1358 1309
          1360 1310 1311
          1360 1359 1310
          1361 1311 1312
          1361 1360 1311
          1362 1312 1313
          1362 1361 1312
          1363 1313 1314
          1363 1362 1313
          1364 1314 1315
          1364 1363 1314
          1365 1315 1316
          1365 1364 1315
          1366 1316 1317
          1366 1365 1316
          1367 1317 1318
          1367 1366 1317
          1368 1318 1319
          1368 1367 1318
          1369 1319 1320
          1369 1368 1319
          1370 1320 1321
          1370 1369 1320
          1371 1321 1322
          1371 1370 1321
          1372 1322 1323
          1372 1371 1322
          1373 1323 1324
          1373 1372 1323
          1374 1324 1325
          1374 1373 1324
          1375 1325 1326
          1375 1374 1325
          1375 1326 76
          76 1326 75
          1376 174 1327
          1376 175 174
          1377 1327 1328
          1377 1376 1327
          1378 1328 1329
          1378 1377 1328
          1379 1329 1330
          1379 1378 1329
          1380 1330 1331
          1380 1379 1330
          1381 1331 1332
          1381 1380 1331
          1382 1332 1333
          1382 1381 1332
          1383 1333 1334
          1383 1382 1333
          1384 1334 1335
          1384 1383 1334
          1385 1335 1336
          1385 1384 1335
          1386 1336 1337
          1386 1385 1336
          1387 1337 1338
          1387 1386 1337
          1388 1338 1339
          1388 1387 1338
          1389 1339 1340
          1389 1388 1339
          1390 1340 1341
          1390 1389 1340
          1391 1341 1342
          1391 1390 1341
          1392 1342 1343
          1392 1391 1342
          1393 1343 1344
          1393 1392 1343
          1394 1344 1345
          1394 1393 1344
          1395 1345 1346
          1395 1394 1345
          1396 1346 1347
          1396 1395 1346
          1397 1347 1348
          1397 1396 1347
          1398 1348 1349
          1398 1397 1348
          1399 1349 1350
          1399 1398 1349
          1400 1350 1351
          1400 1399 1350
          1401 1351 1352
          1401 1400 1351
          1402 1352 1353
          1402 1401 1352
          1403 1353 1354
          1403 1402 1353
          1404 1354 1355
          1404 1403 1354
          1405 1355 1356
          1405 1404 1355
          1406 1356 1357
          1406 1405 1356
          1407 1357 1358
          1407 1406 1357
          1408 1358 1359
          1408 1407 1358
          1409 1359 1360
          1409 1408 1359
          1410 1360 1361
          1410 1409 1360
          1411 1361 1362
          1411 1410 1361
          1412 1362 1363
          1412 1411 1362
          1413 1363 1364
          1413 1412 1363
          1414 1364 1365
          1414 1413 1364
          1415 1365 1366
          1415 1414 1365
          1416 1366 1367
          1416 1415 1366
          1417 1367 1368
          1417 1416 1367
          1418 1368 1369
          1418 1417 1368
          1419 1369 1370
          1419 1418 1369
          1420 1370 1371
          1420 1419 1370
          1421 1371 1372
          1421 1420 1371
          1422 1372 1373
          1422 1421 1372
          1423 1373 1374
          1423 1422 1373
          1424 1374 1375
          1424 1423 1374
          1424 1375 77
          77 1375 76
          1425 175 1376
          1425 176 175
          1426 1376 1377
          1426 1425 1376
          1427 1377 1378
          1427 1426 1377
          1428 1378 1379
          1428 1427 1378
          1429 1379 1380
          1429 1428 1379
          1430 1380 1381
          1430 1429 1380
          1431 1381 1382
          1431 1430 1381
          1432 1382 1383
          1432 1431 1382
          1433 1383 1384
          1433 1432 1383
          1434 1384 1385
          1434 1433 1384
          1435 1385 1386
          1435 1434 1385
          1436 1386 1387
          1436 1435 1386
          1437 1387 1388
          1437 1436 1387
          1438 1388 1389
          1438 1437 1388
          1439 1389 1390
          1439 1438 1389
          1440 1390 1391
          1440 1439 1390
          1441 1391 1392
          1441 1440 1391
          1442 1392 1393
          1442 1441 1392
          1443 1393 1394
          1443 1442 1393
          1444 1394 1395
          1444 1443 1394
          1445 1395 1396
          1445 1444 1395
          1446 1396 1397
          1446 1445 1396
          1447 1397 1398
          1447 1446 1397
          1448 1398 1399
          1448 1447 1398
          1449 1399 1400
          1449 1448 1399
          1450 1400 1401
          1450 1449 1400
          1451 1401 1402
          1451 1450 1401
          1452 1402 1403
          1452 1451 1402
          1453 1403 1404
          1453 1452 1403
          1454 1404 1405
          1454 1453 1404
          1455 1405 1406
          1455 1454 1405
          1456 1406 1407
          1456 1455 1406
          1457 1407 1408
          1457 1456 1407
          1458 1408 1409
          1458 1457 1408
          1459 1409 1410
          1459 1458 1409
          1460 1410 1411
          1460 1459 1410
          1461 1411 1412
          1461 1460 1411
          1462 1412 1413
          1462 1461 1412
          1463 1413 1414
          1463 1462 1413
          1464 1414 1415
          1464 1463 1414
          1465 1415 1416
          1465 1464 1415
          1466 1416 1417
          1466 1465 1416
          1467 1417 1418
          1467 1466 1417
          1468 1418 1419
          1468 1467 1418
          1469 1419 1420
          1469 1468 1419
          1470 1420 1421
          1470 1469 1420
          1471 1421 1422
          1471 1470 1421
          1472 1422 1423
          1472 1471 1422
          1473 1423 1424
          1473 1472 1423
          1473 1424 78
          78 1424 77
          1474 176 1425
          1474 177 176
          1475 1425 1426
          1475 1474 1425
          1476 1426 1427
          1476 1475 1426
          1477 1427 1428
          1477 1476 1427
          1478 1428 1429
          1478 1477 1428
          1479 1429 1430
          1479 1478 1429
          1480 1430 1431
          1480 1479 1430
          1481 1431 1432
          1481 1480 1431
          1482 1432 1433
          1482 1481 1432
          1483 1433 1434
          1483 1482 1433
          1484 1434 1435
          1484 1483 1434
          1485 1435 1436
          1485 1484 1435
          1486 1436 1437
          1486 1485 1436
          1487 1437 1438
          1487 1486 1437
          1488 1438 1439
          1488 1487 1438
          1489 1439 1440
          1489 1488 1439
          1490 1440 1441
          1490 1489 1440
          1491 1441 1442
          1491 1490 1441
          1492 1442 1443
          1492 1491 1442
          1493 1443 1444
          1493 1492 1443
          1494 1444 1445
          1494 1493 1444
          1495 1445 1446
          1495 1494 1445
          1496 1446 1447
          1496 1495 1446
          1497 1447 1448
          1497 1496 1447
          1498 1448 1449
          1498 1497 1448
          1499 1449 1450
          1499 1498 1449
          1500 1450 1451
          1500 1499 1450
          1501 1451 1452
          1501 1500 1451
          1502 1452 1453
          1502 1501 1452
          1503 1453 1454
          1503 1502 1453
          1504 1454 1455
          1504 1503 1454
          1505 1455 1456
          1505 1504 1455
          1506 1456 1457
          1506 1505 1456
          1507 1457 1458
          1507 1506 1457
          1508 1458 1459
          1508 1507 1458
          1509 1459 1460
          1509 1508 1459
          1510 1460 1461
          1510 1509 1460
          1511 1461 1462
          1511 1510 1461
          1512 1462 1463
          1512 1511 1462
          1513 1463 1464
          1513 1512 1463
          1514 1464 1465
          1514 1513 1464
          1515 1465 1466
          1515 1514 1465
          1516 1466 1467
          1516 1515 1466
          1517 1467 1468
          1517 1516 1467
          1518 1468 1469
          1518 1517 1468
          1519 1469 1470
          1519 1518 1469
          1520 1470 1471
          1520 1519 1470
          1521 1471 1472
          1521 1520 1471
          1522 1472 1473
          1522 1521 1472
          1522 1473 79
          79 1473 78
          1523 177 1474
          1523 178 177
          1524 1474 1475
          1524 1523 1474
          1525 1475 1476
          1525 1524 1475
          1526 1476 1477
          1526 1525 1476
          1527 1477 1478
          1527 1526 1477
          1528 1478 1479
          1528 1527 1478
          1529 1479 1480
          1529 1528 1479
          1530 1480 1481
          1530 1529 1480
          1531 1481 1482
          1531 1530 1481
          1532 1482 1483
          1532 1531 1482
          1533 1483 1484
          1533 1532 1483
          1534 1484 1485
          1534 1533 1484
          1535 1485 1486
          1535 1534 1485
          1536 1486 1487
          1536 1535 1486
          1537 1487 1488
          1537 1536 1487
          1538 1488 1489
          1538 1537 1488
          1539 1489 1490
          1539 1538 1489
          1540 1490 1491
          1540 1539 1490
          1541 1491 1492
          1541 1540 1491
          1542 1492 1493
          1542 1541 1492
          1543 1493 1494
          1543 1542 1493
          1544 1494 1495
          1544 1543 1494
          1545 1495 1496
          1545 1544 1495
          1546 1496 1497
          1546 1545 1496
          1547 1497 1498
          1547 1546 1497
          1548 1498 1499
          1548 1547 1498
          1549 1499 1500
          1549 1548 1499
          1550 1500 1501
          1550 1549 1500
          1551 1501 1502
          1551 1550 1501
          1552 1502 1503
          1552 1551 1502
          1553 1503 1504
          1553 1552 1503
          1554 1504 1505
          1554 1553 1504
          1555 1505 1506
          1555 1554 1505
          1556 1506 1507
          1556 1555 1506
          1557 1507 1508
          1557 1556 1507
          1558 1508 1509
          1558 1557 1508
          1559 1509 1510
          1559 1558 1509
          1560 1510 1511
          1560 1559 1510
          1561 1511 1512
          1561 1560 1511
          1562 1512 1513
          1562 1561 1512
          1563 1513 1514
          1563 1562 1513
          1564 1514 1515
          1564 1563 1514
          1565 1515 1516
          1565 1564 1515
          1566 1516 1517
          1566 1565 1516
          1567 1517 1518
          1567 1566 1517
          1568 1518 1519
          1568 1567 1518
          1569 1519 1520
          1569 1568 1519
          1570 1520 1521
          1570 1569 1520
          1571 1521 1522
          1571 1570 1521
          1571 1522 80
          80 1522 79
          1572 178 1523
          1572 179 178
          1573 1523 1524
          1573 1572 1523
          1574 1524 1525
          1574 1573 1524
          1575 1525 1526
          1575 1574 1525
          1576 1526 1527
          1576 1575 1526
          1577 1527 1528
          1577 1576 1527
          1578 1528 1529
          1578 1577 1528
          1579 1529 1530
          1579 1578 1529
          1580 1530 1531
          1580 1579 1530
          1581 1531 1532
          1581 1580 1531
          1582 1532 1533
          1582 1581 1532
          1583 1533 1534
          1583 1582 1533
          1584 1534 1535
          1584 1583 1534
          1585 1535 1536
          1585 1584 1535
          1586 1536 1537
          1586 1585 1536
          1587 1537 1538
          1587 1586 1537
          1588 1538 1539
          1588 1587 1538
          1589 1539 1540
          1589 1588 1539
          1590 1540 1541
          1590 1589 1540
          1591 1541 1542
          1591 1590 1541
          1592 1542 1543
          1592 1591 1542
          1593 1543 1544
          1593 1592 1543
          1594 1544 1545
          1594 1593 1544
          1595 1545 1546
          1595 1594 1545
          1596 1546 1547
          1596 1595 1546
          1597 1547 1548
          1597 1596 1547
          1598 1548 1549
          1598 1597 1548
          1599 1549 1550
          1599 1598 1549
          1600 1550 1551
          1600 1599 1550
          1601 1551 1552
          1601 1600 1551
          1602 1552 1553
          1602 1601 1552
          1603 1553 1554
          1603 1602 1553
          1604 1554 1555
          1604 1603 1554
          1605 1555 1556
          1605 1604 1555
          1606 1556 1557
          1606 1605 1556
          1607 1557 1558
          1607 1606 1557
          1608 1558 1559
          1608 1607 1558
          1609 1559 1560
          1609 1608 1559
          1610 1560 1561
          1610 1609 1560
          1611 1561 1562
          1611 1610 1561
          1612 1562 1563
          1612 1611 1562
          1613 1563 1564
          1613 1612 1563
          1614 1564 1565
          1614 1613 1564
          1615 1565 1566
          1615 1614 1565
          1616 1566 1567
          1616 1615 1566
          1617 1567 1568
          1617 1616 1567
          1618 1568 1569
          1618 1617 1568
          1619 1569 1570
          1619 1618 1569
          1620 1570 1571
          1620 1619 1570
          1620 1571 81
          81 1571 80
          1621 179 1572
          1621 180 179
          1622 1572 1573
          1622 1621 1572
          1623 1573 1574
          1623 1622 1573
          1624 1574 1575
          1624 1623 1574
          1625 1575 1576
          1625 1624 1575
          1626 1576 1577
          1626 1625 1576
          1627 1577 1578
          1627 1626 1577
          1628 1578 1579
          1628 1627 1578
          1629 1579 1580
          1629 1628 1579
          1630 1580 1581
          1630 1629 1580
          1631 1581 1582
          1631 1630 1581
          1632 1582 1583
          1632 1631 1582
          1633 1583 1584
          1633 1632 1583
          1634 1584 1585
          1634 1633 1584
          1635 1585 1586
          1635 1634 1585
          1636 1586 1587
          1636 1635 1586
          1637 1587 1588
          1637 1636 1587
          1638 1588 1589
          1638 1637 1588
          1639 1589 1590
          1639 1638 1589
          1640 1590 1591
          1640 1639 1590
          1641 1591 1592
          1641 1640 1591
          1642 1592 1593
          1642 1641 1592
          1643 1593 1594
          1643 1642 1593
          1644 1594 1595
          1644 1643 1594
          1645 1595 1596
          1645 1644 1595
          1646 1596 1597
          1646 1645 1596
          1647 1597 1598
          1647 1646 1597
          1648 1598 1599
          1648 1647 1598
          1649 1599 1600
          1649 1648 1599
          1650 1600 1601
          1650 1649 1600
          1651 1601 1602
          1651 1650 1601
          1652 1602 1603
          1652 1651 1602
          1653 1603 1604
          1653 1652 1603
          1654 1604 1605
          1654 1653 1604
          1655 1605 1606
          1655 1654 1605
          1656 1606 1607
          1656 1655 1606
          1657 1607 1608
          1657 1656 1607
          1658 1608 1609
          1658 1657 1608
          1659 1609 1610
          1659 1658 1609
          1660 1610 1611
          1660 1659 1610
          1661 1611 1612
          1661 1660 1611
          1662 1612 1613
          1662 1661 1612
          1663 1613 1614
          1663 1662 1613
          1664 1614 1615
          1664 1663 1614
          1665 1615 1616
          1665 1664 1615
          1666 1616 1617
          1666 1665 1616
          1667 1617 1618
          1667 1666 1617
          1668 1618 1619
          1668 1667 1618
          1669 1619 1620
          1669 1668 1619
          1669 1620 82
          82 1620 81
          1670 180 1621
          1670 181 180
          1671 1621 1622
          1671 1670 1621
          1672 1622 1623
          1672 1671 1622
          1673 1623 1624
          1673 1672 1623
          1674 1624 1625
          1674 1673 1624
          1675 1625 1626
          1675 1674 1625
          1676 1626 1627
          1676 1675 1626
          1677 1627 1628
          1677 1676 1627
          1678 1628 1629
          1678 1677 1628
          1679 1629 1630
          1679 1678 1629
          1680 1630 1631
          1680 1679 1630
          1681 1631 1632
          1681 1680 1631
          1682 1632 1633
          1682 1681 1632
          1683 1633 1634
          1683 1682 1633
          1684 1634 1635
          1684 1683 1634
          1685 1635 1636
          1685 1684 1635
          1686 1636 1637
          1686 1685 1636
          1687 1637 1638
          1687 1686 1637
          1688 1638 1639
          1688 1687 1638
          1689 1639 1640
          1689 1688 1639
          1690 1640 1641
          1690 1689 1640
          1691 1641 1642
          1691 1690 1641
          1692 1642 1643
          1692 1691 1642
          1693 1643 1644
          1693 1692 1643
          1694 1644 1645
          1694 1693 1644
          1695 1645 1646
          1695 1694 1645
          1696 1646 1647
          1696 1695 1646
          1697 1647 1648
          1697 1696 1647
          1698 1648 1649
          1698 1697 1648
          1699 1649 1650
          1699 1698 1649
          1700 1650 1651
          1700 1699 1650
          1701 1651 1652
          1701 1700 1651
          1702 1652 1653
          1702 1701 1652
          1703 1653 1654
          1703 1702 1653
          1704 1654 1655
          1704 1703 1654
          1705 1655 1656
          1705 1704 1655
          1706 1656 1657
          1706 1705 1656
          1707 1657 1658
          1707 1706 1657
          1708 1658 1659
          1708 1707 1658
          1709 1659 1660
          1709 1708 1659
          1710 1660 1661
          1710 1709 1660
          1711 1661 1662
          1711 1710 1661
          1712 1662 1663
          1712 1711 1662
          1713 1663 1664
          1713 1712 1663
          1714 1664 1665
          1714 1713 1664
          1715 1665 1666
          1715 1714 1665
          1716 1666 1667
          1716 1715 1666
          1717 1667 1668
          1717 1716 1667
          1718 1668 1669
          1718 1717 1668
          1718 1669 83
          83 1669 82
          1719 181 1670
          1719 182 181
          1720 1670 1671
          1720 1719 1670
          1721 1671 1672
          1721 1720 1671
          1722 1672 1673
          1722 1721 1672
          1723 1673 1674
          1723 1722 1673
          1724 1674 1675
          1724 1723 1674
          1725 1675 1676
          1725 1724 1675
          1726 1676 1677
          1726 1725 1676
          1727 1677 1678
          1727 1726 1677
          1728 1678 1679
          1728 1727 1678
          1729 1679 1680
          1729 1728 1679
          1730 1680 1681
          1730 1729 1680
          1731 1681 1682
          1731 1730 1681
          1732 1682 1683
          1732 1731 1682
          1733 1683 1684
          1733 1732 1683
          1734 1684 1685
          1734 1733 1684
          1735 1685 1686
          1735 1734 1685
          1736 1686 1687
          1736 1735 1686
          1737 1687 1688
          1737 1736 1687
          1738 1688 1689
          1738 1737 1688
          1739 1689 1690
          1739 1738 1689
          1740 1690 1691
          1740 1739 1690
          1741 1691 1692
          1741 1740 1691
          1742 1692 1693
          1742 1741 1692
          1743 1693 1694
          1743 1742 1693
          1744 1694 1695
          1744 1743 1694
          1745 1695 1696
          1745 1744 1695
          1746 1696 1697
          1746 1745 1696
          1747 1697 1698
          1747 1746 1697
          1748 1698 1699
          1748 1747 1698
          1749 1699 1700
          1749 1748 1699
          1750 1700 1701
          1750 1749 1700
          1751 1701 1702
          1751 1750 1701
          1752 1702 1703
          1752 1751 1702
          1753 1703 1704
          1753 1752 1703
          1754 1704 1705
          1754 1753 1704
          1755 1705 1706
          1755 1754 1705
          1756 1706 1707
          1756 1755 1706
          1757 1707 1708
          1757 1756 1707
          1758 1708 1709
          1758 1757 1708
          1759 1709 1710
          1759 1758 1709
          1760 1710 1711
          1760 1759 1710
          1761 1711 1712
          1761 1760 1711
          1762 1712 1713
          1762 1761 1712
          1763 1713 1714
          1763 1762 1713
          1764 1714 1715
          1764 1763 1714
          1765 1715 1716
          1765 1764 1715
          1766 1716 1717
          1766 1765 1716
          1767 1717 1718
          1767 1766 1717
          1767 1718 84
          84 1718 83
          1768 182 1719
          1768 183 182
          1769 1719 1720
          1769 1768 1719
          1770 1720 1721
          1770 1769 1720
          1771 1721 1722
          1771 1770 1721
          1772 1722 1723
          1772 1771 1722
          1773 1723 1724
          1773 1772 1723
          1774 1724 1725
          1774 1773 1724
          1775 1725 1726
          1775 1774 1725
          1776 1726 1727
          1776 1775 1726
          1777 1727 1728
          1777 1776 1727
          1778 1728 1729
          1778 1777 1728
          1779 1729 1730
          1779 1778 1729
          1780 1730 1731
          1780 1779 1730
          1781 1731 1732
          1781 1780 1731
          1782 1732 1733
          1782 1781 1732
          1783 1733 1734
          1783 1782 1733
          1784 1734 1735
          1784 1783 1734
          1785 1735 1736
          1785 1784 1735
          1786 1736 1737
          1786 1785 1736
          1787 1737 1738
          1787 1786 1737
          1788 1738 1739
          1788 1787 1738
          1789 1739 1740
          1789 1788 1739
          1790 1740 1741
          1790 1789 1740
          1791 1741 1742
          1791 1790 1741
          1792 1742 1743
          1792 1791 1742
          1793 1743 1744
          1793 1792 1743
          1794 1744 1745
          1794 1793 1744
          1795 1745 1746
          1795 1794 1745
          1796 1746 1747
          1796 1795 1746
          1797 1747 1748
          1797 1796 1747
          1798 1748 1749
          1798 1797 1748
          1799 1749 1750
          1799 1798 1749
          1800 1750 1751
          1800 1799 1750
          1801 1751 1752
          1801 1800 1751
          1802 1752 1753
          1802 1801 1752
          1803 1753 1754
          1803 1802 1753
          1804 1754 1755
          1804 1803 1754
          1805 1755 1756
          1805 1804 1755
          1806 1756 1757
          1806 1805 1756
          1807 1757 1758
          1807 1806 1757
          1808 1758 1759
          1808 1807 1758
          1809 1759 1760
          1809 1808 1759
          1810 1760 1761
          1810 1809 1760
          1811 1761 1762
          1811 1810 1761
          1812 1762 1763
          1812 1811 1762
          1813 1763 1764
          1813 1812 1763
          1814 1764 1765
          1814 1813 1764
          1815 1765 1766
          1815 1814 1765
          1816 1766 1767
          1816 1815 1766
          1816 1767 85
          85 1767 84
          1817 183 1768
          1817 184 183
          1818 1768 1769
          1818 1817 1768
          1819 1769 1770
          1819 1818 1769
          1820 1770 1771
          1820 1819 1770
          1821 1771 1772
          1821 1820 1771
          1822 1772 1773
          1822 1821 1772
          1823 1773 1774
          1823 1822 1773
          1824 1774 1775
          1824 1823 1774
          1825 1775 1776
          1825 1824 1775
          1826 1776 1777
          1826 1825 1776
          1827 1777 1778
          1827 1826 1777
          1828 1778 1779
          1828 1827 1778
          1829 1779 1780
          1829 1828 1779
          1830 1780 1781
          1830 1829 1780
          1831 1781 1782
          1831 1830 1781
          1832 1782 1783
          1832 1831 1782
          1833 1783 1784
          1833 1832 1783
          1834 1784 1785
          1834 1833 1784
          1835 1785 1786
          1835 1834 1785
          1836 1786 1787
          1836 1835 1786
          1837 1787 1788
          1837 1836 1787
          1838 1788 1789
          1838 1837 1788
          1839 1789 1790
          1839 1838 1789
          1840 1790 1791
          1840 1839 1790
          1841 1791 1792
          1841 1840 1791
          1842 1792 1793
          1842 1841 1792
          1843 1793 1794
          1843 1842 1793
          1844 1794 1795
          1844 1843 1794
          1845 1795 1796
          1845 1844 1795
          1846 1796 1797
          1846 1845 1796
          1847 1797 1798
          1847 1846 1797
          1848 1798 1799
          1848 1847 1798
          1849 1799 1800
          1849 1848 1799
          1850 1800 1801
          1850 1849 1800
          1851 1801 1802
          1851 1850 1801
          1852 1802 1803
          1852 1851 1802
          1853 1803 1804
          1853 1852 1803
          1854 1804 1805
          1854 1853 1804
          1855 1805 1806
          1855 1854 1805
          1856 1806 1807
          1856 1855 1806
          1857 1807 1808
          1857 1856 1807
          1858 1808 1809
          1858 1857 1808
          1859 1809 1810
          1859 1858 1809
          1860 1810 1811
          1860 1859 1810
          1861 1811 1812
          1861 1860 1811
          1862 1812 1813
          1862 1861 1812
          1863 1813 1814
          1863 1862 1813
          1864 1814 1815
          1864 1863 1814
          1865 1815 1816
          1865 1864 1815
          1865 1816 86
          86 1816 85
          1866 184 1817
          1866 185 184
          1867 1817 1818
          1867 1866 1817
          1868 1818 1819
          1868 1867 1818
          1869 1819 1820
          1869 1868 1819
          1870 1820 1821
          1870 1869 1820
          1871 1821 1822
          1871 1870 1821
          1872 1822 1823
          1872 1871 1822
          1873 1823 1824
          1873 1872 1823
          1874 1824 1825
          1874 1873 1824
          1875 1825 1826
          1875 1874 1825
          1876 1826 1827
          1876 1875 1826
          1877 1827 1828
          1877 1876 1827
          1878 1828 1829
          1878 1877 1828
          1879 1829 1830
          1879 1878 1829
          1880 1830 1831
          1880 1879 1830
          1881 1831 1832
          1881 1880 1831
          1882 1832 1833
          1882 1881 1832
          1883 1833 1834
          1883 1882 1833
          1884 1834 1835
          1884 1883 1834
          1885 1835 1836
          1885 1884 1835
          1886 1836 1837
          1886 1885 1836
          1887 1837 1838
          1887 1886 1837
          1888 1838 1839
          1888 1887 1838
          1889 1839 1840
          1889 1888 1839
          1890 1840 1841
          1890 1889 1840
          1891 1841 1842
          1891 1890 1841
          1892 1842 1843
          1892 1891 1842
          1893 1843 1844
          1893 1892 1843
          1894 1844 1845
          1894 1893 1844
          1895 1845 1846
          1895 1894 1845
          1896 1846 1847
          1896 1895 1846
          1897 1847 1848
          1897 1896 1847
          1898 1848 1849
          1898 1897 1848
          1899 1849 1850
          1899 1898 1849
          1900 1850 1851
          1900 1899 1850
          1901 1851 1852
          1901 1900 1851
          1902 1852 1853
          1902 1901 1852
          1903 1853 1854
          1903 1902 1853
          1904 1854 1855
          1904 1903 1854
          1905 1855 1856
          1905 1904 1855
          1906 1856 1857
          1906 1905 1856
          1907 1857 1858
          1907 1906 1857
          1908 1858 1859
          1908 1907 1858
          1909 1859 1860
          1909 1908 1859
          1910 1860 1861
          1910 1909 1860
          1911 1861 1862
          1911 1910 1861
          1912 1862 1863
          1912 1911 1862
          1913 1863 1864
          1913 1912 1863
          1914 1864 1865
          1914 1913 1864
          1914 1865 87
          87 1865 86
          1915 185 1866
          1915 186 185
          1916 1866 1867
          1916 1915 1866
          1917 1867 1868
          1917 1916 1867
          1918 1868 1869
          1918 1917 1868
          1919 1869 1870
          1919 1918 1869
          1920 1870 1871
          1920 1919 1870
          1921 1871 1872
          1921 1920 1871
          1922 1872 1873
          1922 1921 1872
          1923 1873 1874
          1923 1922 1873
          1924 1874 1875
          1924 1923 1874
          1925 1875 1876
          1925 1924 1875
          1926 1876 1877
          1926 1925 1876
          1927 1877 1878
          1927 1926 1877
          1928 1878 1879
          1928 1927 1878
          1929 1879 1880
          1929 1928 1879
          1930 1880 1881
          1930 1929 1880
          1931 1881 1882
          1931 1930 1881
          1932 1882 1883
          1932 1931 1882
          1933 1883 1884
          1933 1932 1883
          1934 1884 1885
          1934 1933 1884
          1935 1885 1886
          1935 1934 1885
          1936 1886 1887
          1936 1935 1886
          1937 1887 1888
          1937 1936 1887
          1938 1888 1889
          1938 1937 1888
          1939 1889 1890
          1939 1938 1889
          1940 1890 1891
          1940 1939 1890
          1941 1891 1892
          1941 1940 1891
          1942 1892 1893
          1942 1941 1892
          1943 1893 1894
          1943 1942 1893
          1944 1894 1895
          1944 1943 1894
          1945 1895 1896
          1945 1944 1895
          1946 1896 1897
          1946 1945 1896
          1947 1897 1898
          1947 1946 1897
          1948 1898 1899
          1948 1947 1898
          1949 1899 1900
          1949 1948 1899
          1950 1900 1901
          1950 1949 1900
          1951 1901 1902
          1951 1950 1901
          1952 1902 1903
          1952 1951 1902
          1953 1903 1904
          1953 1952 1903
          1954 1904 1905
          1954 1953 1904
          1955 1905 1906
          1955 1954 1905
          1956 1906 1907
          1956 1955 1906
          1957 1907 1908
          1957 1956 1907
          1958 1908 1909
          1958 1957 1908
          1959 1909 1910
          1959 1958 1909
          1960 1910 1911
          1960 1959 1910
          1961 1911 1912
          1961 1960 1911
          1962 1912 1913
          1962 1961 1912
          1963 1913 1914
          1963 1962 1913
          1963 1914 88
          88 1914 87
          1964 186 1915
          1964 187 186
          1965 1915 1916
          1965 1964 1915
          1966 1916 1917
          1966 1965 1916
          1967 1917 1918
          1967 1966 1917
          1968 1918 1919
          1968 1967 1918
          1969 1919 1920
          1969 1968 1919
          1970 1920 1921
          1970 1969 1920
          1971 1921 1922
          1971 1970 1921
          1972 1922 1923
          1972 1971 1922
          1973 1923 1924
          1973 1972 1923
          1974 1924 1925
          1974 1973 1924
          1975 1925 1926
          1975 1974 1925
          1976 1926 1927
          1976 1975 1926
          1977 1927 1928
          1977 1976 1927
          1978 1928 1929
          1978 1977 1928
          1979 1929 1930
          1979 1978 1929
          1980 1930 1931
          1980 1979 1930
          1981 1931 1932
          1981 1980 1931
          1982 1932 1933
          1982 1981 1932
          1983 1933 1934
          1983 1982 1933
          1984 1934 1935
          1984 1983 1934
          1985 1935 1936
          1985 1984 1935
          1986 1936 1937
          1986 1985 1936
          1987 1937 1938
          1987 1986 1937
          1988 1938 1939
          1988 1987 1938
          1989 1939 1940
          1989 1988 1939
          1990 1940 1941
          1990 1989 1940
          1991 1941 1942
          1991 1990 1941
          1992 1942 1943
          1992 1991 1942
          1993 1943 1944
          1993 1992 1943
          1994 1944 1945
          1994 1993 1944
          1995 1945 1946
          1995 1994 1945
          1996 1946 1947
          1996 1995 1946
          1997 1947 1948
          1997 1996 1947
          1998 1948 1949
          1998 1997 1948
          1999 1949 1950
          1999 1998 1949
          2000 1950 1951
          2000 1999 1950
          2001 1951 1952
          2001 2000 1951
          2002 1952 1953
          2002 2001 1952
          2003 1953 1954
          2003 2002 1953
          2004 1954 1955
          2004 2003 1954
          2005 1955 1956
          2005 2004 1955
          2006 1956 1957
          2006 2005 1956
          2007 1957 1958
          2007 2006 1957
          2008 1958 1959
          2008 2007 1958
          2009 1959 1960
          2009 2008 1959
          2010 1960 1961
          2010 2009 1960
          2011 1961 1962
          2011 2010 1961
          2012 1962 1963
          2012 2011 1962
          2012 1963 89
          89 1963 88
          2013 187 1964
          2013 188 187
          2014 1964 1965
          2014 2013 1964
          2015 1965 1966
          2015 2014 1965
          2016 1966 1967
          2016 2015 1966
          2017 1967 1968
          2017 2016 1967
          2018 1968 1969
          2018 2017 1968
          2019 1969 1970
          2019 2018 1969
          2020 1970 1971
          2020 2019 1970
          2021 1971 1972
          2021 2020 1971
          2022 1972 1973
          2022 2021 1972
          2023 1973 1974
          2023 2022 1973
          2024 1974 1975
          2024 2023 1974
          2025 1975 1976
          2025 2024 1975
          2026 1976 1977
          2026 2025 1976
          2027 1977 1978
          2027 2026 1977
          2028 1978 1979
          2028 2027 1978
          2029 1979 1980
          2029 2028 1979
          2030 1980 1981
          2030 2029 1980
          2031 1981 1982
          2031 2030 1981
          2032 1982 1983
          2032 2031 1982
          2033 1983 1984
          2033 2032 1983
          2034 1984 1985
          2034 2033 1984
          2035 1985 1986
          2035 2034 1985
          2036 1986 1987
          2036 2035 1986
          2037 1987 1988
          2037 2036 1987
          2038 1988 1989
          2038 2037 1988
          2039 1989 1990
          2039 2038 1989
          2040 1990 1991
          2040 2039 1990
          2041 1991 1992
          2041 2040 1991
          2042 1992 1993
          2042 2041 1992
          2043 1993 1994
          2043 2042 1993
          2044 1994 1995
          2044 2043 1994
          2045 1995 1996
          2045 2044 1995
          2046 1996 1997
          2046 2045 1996
          2047 1997 1998
          2047 2046 1997
          2048 1998 1999
          2048 2047 1998
          2049 1999 2000
          2049 2048 1999
          2050 2000 2001
          2050 2049 2000
          2051 2001 2002
          2051 2050 2001
          2052 2002 2003
          2052 2051 2002
          2053 2003 2004
          2053 2052 2003
          2054 2004 2005
          2054 2053 2004
          2055 2005 2006
          2055 2054 2005
          2056 2006 2007
          2056 2055 2006
          2057 2007 2008
          2057 2056 2007
          2058 2008 2009
          2058 2057 2008
          2059 2009 2010
          2059 2058 2009
          2060 2010 2011
          2060 2059 2010
          2061 2011 2012
          2061 2060 2011
          2061 2012 90
          90 2012 89
          2062 188 2013
          2062 189 188
          2063 2013 2014
          2063 2062 2013
          2064 2014 2015
          2064 2063 2014
          2065 2015 2016
          2065 2064 2015
          2066 2016 2017
          2066 2065 2016
          2067 2017 2018
          2067 2066 2017
          2068 2018 2019
          2068 2067 2018
          2069 2019 2020
          2069 2068 2019
          2070 2020 2021
          2070 2069 2020
          2071 2021 2022
          2071 2070 2021
          2072 2022 2023
          2072 2071 2022
          2073 2023 2024
          2073 2072 2023
          2074 2024 2025
          2074 2073 2024
          2075 2025 2026
          2075 2074 2025
          2076 2026 2027
          2076 2075 2026
          2077 2027 2028
          2077 2076 2027
          2078 2028 2029
          2078 2077 2028
          2079 2029 2030
          2079 2078 2029
          2080 2030 2031
          2080 2079 2030
          2081 2031 2032
          2081 2080 2031
          2082 2032 2033
          2082 2081 2032
          2083 2033 2034
          2083 2082 2033
          2084 2034 2035
          2084 2083 2034
          2085 2035 2036
          2085 2084 2035
          2086 2036 2037
          2086 2085 2036
          2087 2037 2038
          2087 2086 2037
          2088 2038 2039
          2088 2087 2038
          2089 2039 2040
          2089 2088 2039
          2090 2040 2041
          2090 2089 2040
          2091 2041 2042
          2091 2090 2041
          2092 2042 2043
          2092 2091 2042
          2093 2043 2044
          2093 2092 2043
          2094 2044 2045
          2094 2093 2044
          2095 2045 2046
          2095 2094 2045
          2096 2046 2047
          2096 2095 2046
          2097 2047 2048
          2097 2096 2047
          2098 2048 2049
          2098 2097 2048
          2099 2049 2050
          2099 2098 2049
          2100 2050 2051
          2100 2099 2050
          2101 2051 2052
          2101 2100 2051
          2102 2052 2053
          2102 2101 2052
          2103 2053 2054
          2103 2102 2053
          2104 2054 2055
          2104 2103 2054
          2105 2055 2056
          2105 2104 2055
          2106 2056 2057
          2106 2105 2056
          2107 2057 2058
          2107 2106 2057
          2108 2058 2059
          2108 2107 2058
          2109 2059 2060
          2109 2108 2059
          2110 2060 2061
          2110 2109 2060
          2110 2061 91
          91 2061 90
          2111 189 2062
          2111 190 189
          2112 2062 2063
          2112 2111 2062
          2113 2063 2064
          2113 2112 2063
          2114 2064 2065
          2114 2113 2064
          2115 2065 2066
          2115 2114 2065
          2116 2066 2067
          2116 2115 2066
          2117 2067 2068
          2117 2116 2067
          2118 2068 2069
          2118 2117 2068
          2119 2069 2070
          2119 2118 2069
          2120 2070 2071
          2120 2119 2070
          2121 2071 2072
          2121 2120 2071
          2122 2072 2073
          2122 2121 2072
          2123 2073 2074
          2123 2122 2073
          2124 2074 2075
          2124 2123 2074
          2125 2075 2076
          2125 2124 2075
          2126 2076 2077
          2126 2125 2076
          2127 2077 2078
          2127 2126 2077
          2128 2078 2079
          2128 2127 2078
          2129 2079 2080
          2129 2128 2079
          2130 2080 2081
          2130 2129 2080
          2131 2081 2082
          2131 2130 2081
          2132 2082 2083
          2132 2131 2082
          2133 2083 2084
          2133 2132 2083
          2134 2084 2085
          2134 2133 2084
          2135 2085 2086
          2135 2134 2085
          2136 2086 2087
          2136 2135 2086
          2137 2087 2088
          2137 2136 2087
          2138 2088 2089
          2138 2137 2088
          2139 2089 2090
          2139 2138 2089
          2140 2090 2091
          2140 2139 2090
          2141 2091 2092
          2141 2140 2091
          2142 2092 2093
          2142 2141 2092
          2143 2093 2094
          2143 2142 2093
          2144 2094 2095
          2144 2143 2094
          2145 2095 2096
          2145 2144 2095
          2146 2096 2097
          2146 2145 2096
          2147 2097 2098
          2147 2146 2097
          2148 2098 2099
          2148 2147 2098
          2149 2099 2100
          2149 2148 2099
          2150 2100 2101
          2150 2149 2100
          2151 2101 2102
          2151 2150 2101
          2152 2102 2103
          2152 2151 2102
          2153 2103 2104
          2153 2152 2103
          2154 2104 2105
          2154 2153 2104
          2155 2105 2106
          2155 2154 2105
          2156 2106 2107
          2156 2155 2106
          2157 2107 2108
          2157 2156 2107
          2158 2108 2109
          2158 2157 2108
          2159 2109 2110
          2159 2158 2109
          2159 2110 92
          92 2110 91
          2160 190 2111
          2160 191 190
          2161 2111 2112
          2161 2160 2111
          2162 2112 2113
          2162 2161 2112
          2163 2113 2114
          2163 2162 2113
          2164 2114 2115
          2164 2163 2114
          2165 2115 2116
          2165 2164 2115
          2166 2116 2117
          2166 2165 2116
          2167 2117 2118
          2167 2166 2117
          2168 2118 2119
          2168 2167 2118
          2169 2119 2120
          2169 2168 2119
          2170 2120 2121
          2170 2169 2120
          2171 2121 2122
          2171 2170 2121
          2172 2122 2123
          2172 2171 2122
          2173 2123 2124
          2173 2172 2123
          2174 2124 2125
          2174 2173 2124
          2175 2125 2126
          2175 2174 2125
          2176 2126 2127
          2176 2175 2126
          2177 2127 2128
          2177 2176 2127
          2178 2128 2129
          2178 2177 2128
          2179 2129 2130
          2179 2178 2129
          2180 2130 2131
          2180 2179 2130
          2181 2131 2132
          2181 2180 2131
          2182 2132 2133
          2182 2181 2132
          2183 2133 2134
          2183 2182 2133
          2184 2134 2135
          2184 2183 2134
          2185 2135 2136
          2185 2184 2135
          2186 2136 2137
          2186 2185 2136
          2187 2137 2138
          2187 2186 2137
          2188 2138 2139
          2188 2187 2138
          2189 2139 2140
          2189 2188 2139
          2190 2140 2141
          2190 2189 2140
          2191 2141 2142
          2191 2190 2141
          2192 2142 2143
          2192 2191 2142
          2193 2143 2144
          2193 2192 2143
          2194 2144 2145
          2194 2193 2144
          2195 2145 2146
          2195 2194 2145
          2196 2146 2147
          2196 2195 2146
          2197 2147 2148
          2197 2196 2147
          2198 2148 2149
          2198 2197 2148
          2199 2149 2150
          2199 2198 2149
          2200 2150 2151
          2200 2199 2150
          2201 2151 2152
          2201 2200 2151
          2202 2152 2153
          2202 2201 2152
          2203 2153 2154
          2203 2202 2153
          2204 2154 2155
          2204 2203 2154
          2205 2155 2156
          2205 2204 2155
          2206 2156 2157
          2206 2205 2156
          2207 2157 2158
          2207 2206 2157
          2208 2158 2159
          2208 2207 2158
          2208 2159 93
          93 2159 92
          2209 191 2160
          2209 192 191
          2210 2160 2161
          2210 2209 2160
          2211 2161 2162
          2211 2210 2161
          2212 2162 2163
          2212 2211 2162
          2213 2163 2164
          2213 2212 2163
          2214 2164 2165
          2214 2213 2164
          2215 2165 2166
          2215 2214 2165
          2216 2166 2167
          2216 2215 2166
          2217 2167 2168
          2217 2216 2167
          2218 2168 2169
          2218 2217 2168
          2219 2169 2170
          2219 2218 2169
          2220 2170 2171
          2220 2219 2170
          2221 2171 2172
          2221 2220 2171
          2222 2172 2173
          2222 2221 2172
          2223 2173 2174
          2223 2222 2173
          2224 2174 2175
          2224 2223 2174
          2225 2175 2176
          2225 2224 2175
          2226 2176 2177
          2226 2225 2176
          2227 2177 2178
          2227 2226 2177
          2228 2178 2179
          2228 2227 2178
          2229 2179 2180
          2229 2228 2179
          2230 2180 2181
          2230 2229 2180
          2231 2181 2182
          2231 2230 2181
          2232 2182 2183
          2232 2231 2182
          2233 2183 2184
          2233 2232 2183
          2234 2184 2185
          2234 2233 2184
          2235 2185 2186
          2235 2234 2185
          2236 2186 2187
          2236 2235 2186
          2237 2187 2188
          2237 2236 2187
          2238 2188 2189
          2238 2237 2188
          2239 2189 2190
          2239 2238 2189
          2240 2190 2191
          2240 2239 2190
          2241 2191 2192
          2241 2240 2191
          2242 2192 2193
          2242 2241 2192
          2243 2193 2194
          2243 2242 2193
          2244 2194 2195
          2244 2243 2194
          2245 2195 2196
          2245 2244 2195
          2246 2196 2197
          2246 2245 2196
          2247 2197 2198
          2247 2246 2197
          2248 2198 2199
          2248 2247 2198
          2249 2199 2200
          2249 2248 2199
          2250 2200 2201
          2250 2249 2200
          2251 2201 2202
          2251 2250 2201
          2252 2202 2203
          2252 2251 2202
          2253 2203 2204
          2253 2252 2203
          2254 2204 2205
          2254 2253 2204
          2255 2205 2206
          2255 2254 2205
          2256 2206 2207
          2256 2255 2206
          2257 2207 2208
          2257 2256 2207
          2257 2208 94
          94 2208 93
          2258 192 2209
          2258 193 192
          2259 2209 2210
          2259 2258 2209
          2260 2210 2211
          2260 2259 2210
          2261 2211 2212
          2261 2260 2211
          2262 2212 2213
          2262 2261 2212
          2263 2213 2214
          2263 2262 2213
          2264 2214 2215
          2264 2263 2214
          2265 2215 2216
          2265 2264 2215
          2266 2216 2217
          2266 2265 2216
          2267 2217 2218
          2267 2266 2217
          2268 2218 2219
          2268 2267 2218
          2269 2219 2220
          2269 2268 2219
          2270 2220 2221
          2270 2269 2220
          2271 2221 2222
          2271 2270 2221
          2272 2222 2223
          2272 2271 2222
          2273 2223 2224
          2273 2272 2223
          2274 2224 2225
          2274 2273 2224
          2275 2225 2226
          2275 2274 2225
          2276 2226 2227
          2276 2275 2226
          2277 2227 2228
          2277 2276 2227
          2278 2228 2229
          2278 2277 2228
          2279 2229 2230
          2279 2278 2229
          2280 2230 2231
          2280 2279 2230
          2281 2231 2232
          2281 2280 2231
          2282 2232 2233
          2282 2281 2232
          2283 2233 2234
          2283 2282 2233
          2284 2234 2235
          2284 2283 2234
          2285 2235 2236
          2285 2284 2235
          2286 2236 2237
          2286 2285 2236
          2287 2237 2238
          2287 2286 2237
          2288 2238 2239
          2288 2287 2238
          2289 2239 2240
          2289 2288 2239
          2290 2240 2241
          2290 2289 2240
          2291 2241 2242
          2291 2290 2241
          2292 2242 2243
          2292 2291 2242
          2293 2243 2244
          2293 2292 2243
          2294 2244 2245
          2294 2293 2244
          2295 2245 2246
          2295 2294 2245
          2296 2246 2247
          2296 2295 2246
          2297 2247 2248
          2297 2296 2247
          2298 2248 2249
          2298 2297 2248
          2299 2249 2250
          2299 2298 2249
          2300 2250 2251
          2300 2299 2250
          2301 2251 2252
          2301 2300 2251
          2302 2252 2253
          2302 2301 2252
          2303 2253 2254
          2303 2302 2253
          2304 2254 2255
          2304 2303 2254
          2305 2255 2256
          2305 2304 2255
          2306 2256 2257
          2306 2305 2256
          2306 2257 95
          95 2257 94
          2307 193 2258
          2307 194 193
          2308 2258 2259
          2308 2307 2258
          2309 2259 2260
          2309 2308 2259
          2310 2260 2261
          2310 2309 2260
          2311 2261 2262
          2311 2310 2261
          2312 2262 2263
          2312 2311 2262
          2313 2263 2264
          2313 2312 2263
          2314 2264 2265
          2314 2313 2264
          2315 2265 2266
          2315 2314 2265
          2316 2266 2267
          2316 2315 2266
          2317 2267 2268
          2317 2316 2267
          2318 2268 2269
          2318 2317 2268
          2319 2269 2270
          2319 2318 2269
          2320 2270 2271
          2320 2319 2270
          2321 2271 2272
          2321 2320 2271
          2322 2272 2273
          2322 2321 2272
          2323 2273 2274
          2323 2322 2273
          2324 2274 2275
          2324 2323 2274
          2325 2275 2276
          2325 2324 2275
          2326 2276 2277
          2326 2325 2276
          2327 2277 2278
          2327 2326 2277
          2328 2278 2279
          2328 2327 2278
          2329 2279 2280
          2329 2328 2279
          2330 2280 2281
          2330 2329 2280
          2331 2281 2282
          2331 2330 2281
          2332 2282 2283
          2332 2331 2282
          2333 2283 2284
          2333 2332 2283
          2334 2284 2285
          2334 2333 2284
          2335 2285 2286
          2335 2334 2285
          2336 2286 2287
          2336 2335 2286
          2337 2287 2288
          2337 2336 2287
          2338 2288 2289
          2338 2337 2288
          2339 2289 2290
          2339 2338 2289
          2340 2290 2291
          2340 2339 2290
          2341 2291 2292
          2341 2340 2291
          2342 2292 2293
          2342 2341 2292
          2343 2293 2294
          2343 2342 2293
          2344 2294 2295
          2344 2343 2294
          2345 2295 2296
          2345 2344 2295
          2346 2296 2297
          2346 2345 2296
          2347 2297 2298
          2347 2346 2297
          2348 2298 2299
          2348 2347 2298
          2349 2299 2300
          2349 2348 2299
          2350 2300 2301
          2350 2349 2300
          2351 2301 2302
          2351 2350 2301
          2352 2302 2303
          2352 2351 2302
          2353 2303 2304
          2353 2352 2303
          2354 2304 2305
          2354 2353 2304
          2355 2305 2306
          2355 2354 2305
          2355 2306 96
          96 2306 95
          2356 194 2307
          2356 195 194
          2357 2307 2308
          2357 2356 2307
          2358 2308 2309
          2358 2357 2308
          2359 2309 2310
          2359 2358 2309
          2360 2310 2311
          2360 2359 2310
          2361 2311 2312
          2361 2360 2311
          2362 2312 2313
          2362 2361 2312
          2363 2313 2314
          2363 2362 2313
          2364 2314 2315
          2364 2363 2314
          2365 2315 2316
          2365 2364 2315
          2366 2316 2317
          2366 2365 2316
          2367 2317 2318
          2367 2366 2317
          2368 2318 2319
          2368 2367 2318
          2369 2319 2320
          2369 2368 2319
          2370 2320 2321
          2370 2369 2320
          2371 2321 2322
          2371 2370 2321
          2372 2322 2323
          2372 2371 2322
          2373 2323 2324
          2373 2372 2323
          2374 2324 2325
          2374 2373 2324
          2375 2325 2326
          2375 2374 2325
          2376 2326 2327
          2376 2375 2326
          2377 2327 2328
          2377 2376 2327
          2378 2328 2329
          2378 2377 2328
          2379 2329 2330
          2379 2378 2329
          2380 2330 2331
          2380 2379 2330
          2381 2331 2332
          2381 2380 2331
          2382 2332 2333
          2382 2381 2332
          2383 2333 2334
          2383 2382 2333
          2384 2334 2335
          2384 2383 2334
          2385 2335 2336
          2385 2384 2335
          2386 2336 2337
          2386 2385 2336
          2387 2337 2338
          2387 2386 2337
          2388 2338 2339
          2388 2387 2338
          2389 2339 2340
          2389 2388 2339
          2390 2340 2341
          2390 2389 2340
          2391 2341 2342
          2391 2390 2341
          2392 2342 2343
          2392 2391 2342
          2393 2343 2344
          2393 2392 2343
          2394 2344 2345
          2394 2393 2344
          2395 2345 2346
          2395 2394 2345
          2396 2346 2347
          2396 2395 2346
          2397 2347 2348
          2397 2396 2347
          2398 2348 2349
          2398 2397 2348
          2399 2349 2350
          2399 2398 2349
          2400 2350 2351
          2400 2399 2350
          2401 2351 2352
          2401 2400 2351
          2402 2352 2353
          2402 2401 2352
          2403 2353 2354
          2403 2402 2353
          2404 2354 2355
          2404 2403 2354
          2404 2355 97
          97 2355 96
          2405 195 2356
          2405 196 195
          2406 2356 2357
          2406 2405 2356
          2407 2357 2358
          2407 2406 2357
          2408 2358 2359
          2408 2407 2358
          2409 2359 2360
          2409 2408 2359
          2410 2360 2361
          2410 2409 2360
          2411 2361 2362
          2411 2410 2361
          2412 2362 2363
          2412 2411 2362
          2413 2363 2364
          2413 2412 2363
          2414 2364 2365
          2414 2413 2364
          2415 2365 2366
          2415 2414 2365
          2416 2366 2367
          2416 2415 2366
          2417 2367 2368
          2417 2416 2367
          2418 2368 2369
          2418 2417 2368
          2419 2369 2370
          2419 2418 2369
          2420 2370 2371
          2420 2419 2370
          2421 2371 2372
          2421 2420 2371
          2422 2372 2373
          2422 2421 2372
          2423 2373 2374
          2423 2422 2373
          2424 2374 2375
          2424 2423 2374
          2425 2375 2376
          2425 2424 2375
          2426 2376 2377
          2426 2425 2376
          2427 2377 2378
          2427 2426 2377
          2428 2378 2379
          2428 2427 2378
          2429 2379 2380
          2429 2428 2379
          2430 2380 2381
          2430 2429 2380
          2431 2381 2382
          2431 2430 2381
          2432 2382 2383
          2432 2431 2382
          2433 2383 2384
          2433 2432 2383
          2434 2384 2385
          2434 2433 2384
          2435 2385 2386
          2435 2434 2385
          2436 2386 2387
          2436 2435 2386
          2437 2387 2388
          2437 2436 2387
          2438 2388 2389
          2438 2437 2388
          2439 2389 2390
          2439 2438 2389
          2440 2390 2391
          2440 2439 2390
          2441 2391 2392
          2441 2440 2391
          2442 2392 2393
          2442 2441 2392
          2443 2393 2394
          2443 2442 2393
          2444 2394 2395
          2444 2443 2394
          2445 2395 2396
          2445 2444 2395
          2446 2396 2397
          2446 2445 2396
          2447 2397 2398
          2447 2446 2397
          2448 2398 2399
          2448 2447 2398
          2449 2399 2400
          2449 2448 2399
          2450 2400 2401
          2450 2449 2400
          2451 2401 2402
          2451 2450 2401
          2452 2402 2403
          2452 2451 2402
          2453 2403 2404
          2453 2452 2403
          2453 2404 98
          98 2404 97
          2454 196 2405
          2454 197 196
          2455 2405 2406
          2455 2454 2405
          2456 2406 2407
          2456 2455 2406
          2457 2407 2408
          2457 2456 2407
          2458 2408 2409
          2458 2457 2408
          2459 2409 2410
          2459 2458 2409
          2460 2410 2411
          2460 2459 2410
          2461 2411 2412
          2461 2460 2411
          2462 2412 2413
          2462 2461 2412
          2463 2413 2414
          2463 2462 2413
          2464 2414 2415
          2464 2463 2414
          2465 2415 2416
          2465 2464 2415
          2466 2416 2417
          2466 2465 2416
          2467 2417 2418
          2467 2466 2417
          2468 2418 2419
          2468 2467 2418
          2469 2419 2420
          2469 2468 2419
          2470 2420 2421
          2470 2469 2420
          2471 2421 2422
          2471 2470 2421
          2472 2422 2423
          2472 2471 2422
          2473 2423 2424
          2473 2472 2423
          2474 2424 2425
          2474 2473 2424
          2475 2425 2426
          2475 2474 2425
          2476 2426 2427
          2476 2475 2426
          2477 2427 2428
          2477 2476 2427
          2478 2428 2429
          2478 2477 2428
          2479 2429 2430
          2479 2478 2429
          2480 2430 2431
          2480 2479 2430
          2481 2431 2432
          2481 2480 2431
          2482 2432 2433
          2482 2481 2432
          2483 2433 2434
          2483 2482 2433
          2484 2434 2435
          2484 2483 2434
          2485 2435 2436
          2485 2484 2435
          2486 2436 2437
          2486 2485 2436
          2487 2437 2438
          2487 2486 2437
          2488 2438 2439
          2488 2487 2438
          2489 2439 2440
          2489 2488 2439
          2490 2440 2441
          2490 2489 2440
          2491 2441 2442
          2491 2490 2441
          2492 2442 2443
          2492 2491 2442
          2493 2443 2444
          2493 2492 2443
          2494 2444 2445
          2494 2493 2444
          2495 2445 2446
          2495 2494 2445
          2496 2446 2447
          2496 2495 2446
          2497 2447 2448
          2497 2496 2447
          2498 2448 2449
          2498 2497 2448
          2499 2449 2450
          2499 2498 2449
          2500 2450 2451
          2500 2499 2450
          2501 2451 2452
          2501 2500 2451
          2502 2452 2453
          2502 2501 2452
          2502 2453 99
          99 2453 98
          2503 197 2454
          2503 198 197
          2504 2454 2455
          2504 2503 2454
          2505 2455 2456
          2505 2504 2455
          2506 2456 2457
          2506 2505 2456
          2507 2457 2458
          2507 2506 2457
          2508 2458 2459
          2508 2507 2458
          2509 2459 2460
          2509 2508 2459
          2510 2460 2461
          2510 2509 2460
          2511 2461 2462
          2511 2510 2461
          2512 2462 2463
          2512 2511 2462
          2513 2463 2464
          2513 2512 2463
          2514 2464 2465
          2514 2513 2464
          2515 2465 2466
          2515 2514 2465
          2516 2466 2467
          2516 2515 2466
          2517 2467 2468
          2517 2516 2467
          2518 2468 2469
          2518 2517 2468
          2519 2469 2470
          2519 2518 2469
          2520 2470 2471
          2520 2519 2470
          2521 2471 2472
          2521 2520 2471
          2522 2472 2473
          2522 2521 2472
          2523 2473 2474
          2523 2522 2473
          2524 2474 2475
          2524 2523 2474
          2525 2475 2476
          2525 2524 2475
          2526 2476 2477
          2526 2525 2476
          2527 2477 2478
          2527 2526 2477
          2528 2478 2479
          2528 2527 2478
          2529 2479 2480
          2529 2528 2479
          2530 2480 2481
          2530 2529 2480
          2531 2481 2482
          2531 2530 2481
          2532 2482 2483
          2532 2531 2482
          2533 2483 2484
          2533 2532 2483
          2534 2484 2485
          2534 2533 2484
          2535 2485 2486
          2535 2534 2485
          2536 2486 2487
          2536 2535 2486
          2537 2487 2488
          2537 2536 2487
          2538 2488 2489
          2538 2537 2488
          2539 2489 2490
          2539 2538 2489
          2540 2490 2491
          2540 2539 2490
          2541 2491 2492
          2541 2540 2491
          2542 2492 2493
          2542 2541 2492
          2543 2493 2494
          2543 2542 2493
          2544 2494 2495
          2544 2543 2494
          2545 2495 2496
          2545 2544 2495
          2546 2496 2497
          2546 2545 2496
          2547 2497 2498
          2547 2546 2497
          2548 2498 2499
          2548 2547 2498
          2549 2499 2500
          2549 2548 2499
          2550 2500 2501
          2550 2549 2500
          2551 2501 2502
          2551 2550 2501
          2551 2502 100
          100 2502 99
          2552 198 2503
          2552 199 198
          2553 2503 2504
          2553 2552 2503
          2554 2504 2505
          2554 2553 2504
          2555 2505 2506
          2555 2554 2505
          2556 2506 2507
          2556 2555 2506
          2557 2507 2508
          2557 2556 2507
          2558 2508 2509
          2558 2557 2508
          2559 2509 2510
          2559 2558 2509
          2560 2510 2511
          2560 2559 2510
          2561 2511 2512
          2561 2560 2511
          2562 2512 2513
          2562 2561 2512
          2563 2513 2514
          2563 2562 2513
          2564 2514 2515
          2564 2563 2514
          2565 2515 2516
          2565 2564 2515
          2566 2516 2517
          2566 2565 2516
          2567 2517 2518
          2567 2566 2517
          2568 2518 2519
          2568 2567 2518
          2569 2519 2520
          2569 2568 2519
          2570 2520 2521
          2570 2569 2520
          2571 2521 2522
          2571 2570 2521
          2572 2522 2523
          2572 2571 2522
          2573 2523 2524
          2573 2572 2523
          2574 2524 2525
          2574 2573 2524
          2575 2525 2526
          2575 2574 2525
          2576 2526 2527
          2576 2575 2526
          2577 2527 2528
          2577 2576 2527
          2578 2528 2529
          2578 2577 2528
          2579 2529 2530
          2579 2578 2529
          2580 2530 2531
          2580 2579 2530
          2581 2531 2532
          2581 2580 2531
          2582 2532 2533
          2582 2581 2532
          2583 2533 2534
          2583 2582 2533
          2584 2534 2535
          2584 2583 2534
          2585 2535 2536
          2585 2584 2535
          2586 2536 2537
          2586 2585 2536
          2587 2537 2538
          2587 2586 2537
          2588 2538 2539
          2588 2587 2538
          2589 2539 2540
          2589 2588 2539
          2590 2540 2541
          2590 2589 2540
          2591 2541 2542
          2591 2590 2541
          2592 2542 2543
          2592 2591 2542
          2593 2543 2544
          2593 2592 2543
          2594 2544 2545
          2594 2593 2544
          2595 2545 2546
          2595 2594 2545
          2596 2546 2547
          2596 2595 2546
          2597 2547 2548
          2597 2596 2547
          2598 2548 2549
          2598 2597 2548
          2599 2549 2550
          2599 2598 2549
          2600 2550 2551
          2600 2599 2550
          2600 2551 101
          101 2551 100
          102 199 2552
          102 3 199
          103 2552 2553
          103 102 2552
          104 2553 2554
          104 103 2553
          105 2554 2555
          105 104 2554
          106 2555 2556
          106 105 2555
          107 2556 2557
          107 106 2556
          108 2557 2558
          108 107 2557
          109 2558 2559
          109 108 2558
          110 2559 2560
          110 109 2559
          111 2560 2561
          111 110 2560
          112 2561 2562
          112 111 2561
          113 2562 2563
          113 112 2562
          114 2563 2564
          114 113 2563
          115 2564 2565
          115 114 2564
          116 2565 2566
          116 115 2565
          117 2566 2567
          117 116 2566
          118 2567 2568
          118 117 2567
          119 2568 2569
          119 118 2568
          120 2569 2570
          120 119 2569
          121 2570 2571
          121 120 2570
          122 2571 2572
          122 121 2571
          123 2572 2573
          123 122 2572
          124 2573 2574
          124 123 2573
          125 2574 2575
          125 124 2574
          126 2575 2576
          126 125 2575
          127 2576 2577
          127 126 2576
          128 2577 2578
          128 127 2577
          129 2578 2579
          129 128 2578
          130 2579 2580
          130 129 2579
          131 2580 2581
          131 130 2580
          132 2581 2582
          132 131 2581
          133 2582 2583
          133 132 2582
          134 2583 2584
          134 133 2583
          135 2584 2585
          135 134 2584
          136 2585 2586
          136 135 2585
          137 2586 2587
          137 136 2586
          138 2587 2588
          138 137 2587
          139 2588 2589
          139 138 2588
          140 2589 2590
          140 139 2589
          141 2590 2591
          141 140 2590
          142 2591 2592
          142 141 2591
          143 2592 2593
          143 142 2592
          144 2593 2594
          144 143 2593
          145 2594 2595
          145 144 2594
          146 2595 2596
          146 145 2595
          147 2596 2597
          147 146 2596
          148 2597 2598
          148 147 2597
          149 2598 2599
          149 148 2598
          150 2599 2600
          150 149 2599
          2 150 2600
          2 2600 101
        </DataArray>
        <DataArray type="Int32" Name="offsets" format="ascii">
          3 6 9 12 15 18 21 24 27 30 33 36 39 42 45 48 51 54 57 60 63 66 69 72 75 78 81 84 87 90 93 96 99 102 105 108 111 114 117 120 123 126 129 132 135 138 141 144 147 150 153 156 159 162 165 168 171 174 177 180 183 186 189 192 195 198 201 204 207 210 213 216 219 222 225 228 231 234 237 240 243 246 249 252 255 258 261 264 267 270 273 276 279 282 285 288 291 294 297 300 303 306 309 312 315 318 321 324 327 330 333 336 339 342 345 348 351 354 357 360 363 366 369 372 375 378 381 384 387 390 393 396 399 402 405 408 411 414 417 420 423 426 429 432 435 438 441 444 447 450 453 456 459 462 465 468 471 474 477 480 483 486 489 492 495 498 501 504 507 510 513 516 519 522 525 528 531 534 537 540 543 546 549 552 555 558 561 564 567 570 573 576 579 582 585 588 591 594 597 600 603 606 609 612 615 618 621 624 627 630 633 636 639 642 645 648 651 654 657 660 663 666 669 672 675 678 681 684 687 690 693 696 699 702 705 708 711 714 717 720 723 726 729 732 735 738 741 744 747 750 753 756 759 762 765 768 771 774 777 780 783 786 789 792 795 798 801 804 807 810 813 816 819 822 825 828 831 834 837 840 843 846 849 852 855 858 861 864 867 870 873 876 879 882 885 888 891 894 897 900 903 906 909 912 915 918 921 924 927 930 933 936 939 942 945 948 951 954 957 960 963 966 969 972 975 978 981 984 987 990 993 996 999 1002 1005 1008 1011 1014 1017 1020 1023 1026 1029 1032 1035 1038 1041 1044 1047 1050 1053 1056 1059 1062 1065 1068 1071 1074 1077 1080 1083 1086 1089 1092 1095 1098 1101 1104 1107 1110 1113 1116 1119 1122 1125 1128 1131 1134 1137 1140 1143 1146 1149 1152 1155 1158 1161 1164 1167 1170 1173 1176 1179 1182 1185 1188 1191 1194 1197 1200 1203 1206 1209 1212 1215 1218 1221 1224 1227 1230 1233 1236 1239 1242 1245 1248 1251 1254 1257 1260 1263 1266 1269 1272 1275 1278 1281 1284 1287 1290 1293 1296 1299 1302 1305 1308 1311 1314 1317 1320 1323 1326 1329 1332 1335 1338 1341 1344 1347 1350 1353 1356 1359 1362 1365 1368 1371 1374 1377 1380 1383 1386 1389 1392 1395 1398 1401 1404 1407 1410 1413 1416 1419 1422 1425 1428 1431 1434 1437 1440 1443 1446 1449 1452 1455 1458 1461 1464 1467 1470 1473 1476 1479 1482 1485 1488 1491 1494 1497 1500 1503 1506 1509 1512 1515 1518 1521 1524 1527 1530 1533 1536 1539 1542 1545 1548 1551 1554 1557 1560 1563 1566 1569 1572 1575 1578 1581 1584 1587 1590 1593 1596 1599 1602 1605 1608 1611 1614 1617 1620 1623 1626 1629 1632 1635 1638 1641 1644 1647 1650 1653 1656 1659 1662 1665 1668 1671 1674 1677 1680 1683 1686 1689 1692 1695 1698 1701 1704 1707 1710 1713 1716 1719 1722 1725 1728 1731 1734 1737 1740 1743 1746 1749 1752 1755 1758 1761 1764 1767 1770 1773 1776 1779 1782 1785 1788 1791 1794 1797 1800 1803 1806 1809 1812 1815 1818 1821 1824 1827 1830 1833 1836 1839 1842 1845 1848 1851 1854 1857 1860 1863 1866 1869 1872 1875 1878 1881 1884 1887 1890 1893 1896 1899 1902 1905 1908 1911 1914 1917 1920 1923 1926 1929 1932 1935 1938 1941 1944 1947 1950 1953 1956 1959 1962 1965 1968 1971 1974 1977 1980 1983 1986 1989 1992 1995 1998 2001 2004 2007 2010 2013 2016 2019 2022 2025 2028 2031 2034 2037 2040 2043 2046 2049 2052 2055 2058 2061 2064 2067 2070 2073 2076 2079 2082 2085 2088 2091 2094 2097 2100 2103 2106 2109 2112 2115 2118 2121 2124 2127 2130 2133 2136 2139 2142 2145 2148 2151 2154 2157 2160 2163 2166 2169 2172 2175 2178 2181 2184 2187 2190 2193 2196 2199 2202 2205 2208 2211 2214 2217 2220 2223 2226 2229 2232 2235 2238 2241 2244 2247 2250 2253 2256 2259 2262 2265 2268 2271 2274 2277 2280 2283 2286 2289 2292 2295 2298 2301 2304 2307 2310 2313 2316 2319 2322 2325 2328 2331 2334 2337 2340 2343 2346 2349 2352 2355 2358 2361 2364 2367 2370 2373 2376 2379 2382 2385 2388 2391 2394 2397 2400 2403 2406 2409 2412 2415 2418 2421 2424 2427 2430 2433 2436 2439 2442 2445 2448 2451 2454 2457 2460 2463 2466 2469 2472 2475 2478 2481 2484 2487 2490 2493 2496 2499 2502 2505 2508 2511 2514 2517 2520 2523 2526 2529 2532 2535 2538 2541 2544 2547 2550 2553 2556 2559 2562 2565 2568 2571 2574 2577 2580 2583 2586 2589 2592 2595 2598 2601 2604 2607 2610 2613 2616 2619 2622 2625 2628 2631 2634 2637 2640 2643 2646 2649 2652 2655 2658 2661 2664 2667 2670 2673 2676 2679 2682 2685 2688 2691 2694 2697 2700 2703 2706 2709 2712 2715 2718 2721 2724 2727 2730 2733 2736 2739 2742 2745 2748 2751 2754 2757 2760 2763 2766 2769 2772 2775 2778 2781 2784 2787 2790 2793 2796 2799 2802 2805 2808 2811 2814 2817 2820 2823 2826 2829 2832 2835 2838 2841 2844 2847 2850 2853 2856 2859 2862 2865 2868 2871 2874 2877 2880 2883 2886 2889 2892 2895 2898 2901 2904 2907 2910 2913 2916 2919 2922 2925 2928 2931 2934 2937 2940 2943 2946 2949 2952 2955 2958 2961 2964 2967 2970 2973 2976 2979 2982 2985 2988 2991 2994 2997 3000 3003 3006 3009 3012 3015 3018 3021 3024 3027 3030 3033 3036 3039 3042 3045 3048 3051 3054 3057 3060 3063 3066 3069 3072 3075 3078 3081 3084 3087 3090 3093 3096 3099 3102 3105 3108 3111 3114 3117 3120 3123 3126 3129 3132 3135 3138 3141 3144 3147 3150 3153 3156 3159 3162 3165 3168 3171 3174 3177 3180 3183 3186 3189 3192 3195 3198 3201 3204 3207 3210 3213 3216 3219 3222 3225 3228 3231 3234 3237 3240 3243 3246 3249 3252 3255 3258 3261 3264 3267 3270 3273 3276 3279 3282 3285 3288 3291 3294 3297 3300 3303 3306 3309 3312 3315 3318 3321 3324 3327 3330 3333 3336 3339 3342 3345 3348 3351 3354 3357 3360 3363 3366 3369 3372 3375 3378 3381 3384 3387 3390 3393 3396 3399 3402 3405 3408 3411 3414 3417 3420 3423 3426 3429 3432 3435 3438 3441 3444 3447 3450 3453 3456 3459 3462 3465 3468 3471 3474 3477 3480 3483 3486 3489 3492 3495 3498 3501 3504 3507 3510 3513 3516 3519 3522 3525 3528 3531 3534 3537 3540 3543 3546 3549 3552 3555 3558 3561 3564 3567 3570 3573 3576 3579 3582 3585 3588 3591 3594 3597 3600 3603 3606 3609 3612 3615 3618 3621 3624 3627 3630 3633 3636 3639 3642 3645 3648 3651 3654 3657 3660 3663 3666 3669 3672 3675 3678 3681 3684 3687 3690 3693 3696 3699 3702 3705 3708 3711 3714 3717 3720 3723 3726 3729 3732 3735 3738 3741 3744 3747 3750 3753 3756 3759 3762 3765 3768 3771 3774 3777 3780 3783 3786 3789 3792 3795 3798 3801 3804 3807 3810 3813 3816 3819 3822 3825 3828 3831 3834 3837 3840 3843 3846 3849 3852 3855 3858 3861 3864 3867 3870 3873 3876 3879 3882 3885 3888 3891 3894 3897 3900 3903 3906 3909 3912 3915 3918 3921 3924 3927 3930 3933 3936 3939 3942 3945 3948 3951 3954 3957 3960 3963 3966 3969 3972 3975 3978 3981 3984 3987 3990 3993 3996 3999 4002 4005 4008 4011 4014 4017 4020 4023 4026 4029 4032 4035 4038 4041 4044 4047 4050 4053 4056 4059 4062 4065 4068 4071 4074 4077 4080 4083 4086 4089 4092 4095 4098 4101 4104 4107 4110 4113 4116 4119 4122 4125 4128 4131 4134 4137 4140 4143 4146 4149 4152 4155 4158 4161 4164 4167 4170 4173 4176 4179 4182 4185 4188 4191 4194 4197 4200 4203 4206 4209 4212 4215 4218 4221 4224 4227 4230 4233 4236 4239 4242 4245 4248 4251 4254 4257 4260 4263 4266 4269 4272 4275 4278 4281 4284 4287 4290 4293 4296 4299 4302 4305 4308 4311 4314 4317 4320 4323 4326 4329 4332 4335 4338 4341 4344 4347 4350 4353 4356 4359 4362 4365 4368 4371 4374 4377 4380 4383 4386 4389 4392 4395 4398 4401 4404 4407 4410 4413 4416 4419 4422 4425 4428 4431 4434 4437 4440 4443 4446 4449 4452 4455 4458 4461 4464 4467 4470 4473 4476 4479 4482 4485 4488 4491 4494 4497 4500 4503 4506 4509 4512 4515 4518 4521 4524 4527 4530 4533 4536 4539 4542 4545 4548 4551 4554 4557 4560 4563 4566 4569 4572 4575 4578 4581 4584 4587 4590 4593 4596 4599 4602 4605 4608 4611 4614 4617 4620 4623 4626 4629 4632 4635 4638 4641 4644 4647 4650 4653 4656 4659 4662 4665 4668 4671 4674 4677 4680 4683 4686 4689 4692 4695 4698 4701 4704 4707 4710 4713 4716 4719 4722 4725 4728 4731 4734 4737 4740 4743 4746 4749 4752 4755 4758 4761 4764 4767 4770 4773 4776 4779 4782 4785 4788 4791 4794 4797 4800 4803 4806 4809 4812 4815 4818 4821 4824 4827 4830 4833 4836 4839 4842 4845 4848 4851 4854 4857 4860 4863 4866 4869 4872 4875 4878 4881 4884 4887 4890 4893 4896 4899 4902 4905 4908 4911 4914 4917 4920 4923 4926 4929 4932 4935 4938 4941 4944 4947 4950 4953 4956 4959 4962 4965 4968 4971 4974 4977 4980 4983 4986 4989 4992 4995 4998 5001 5004 5007 5010 5013 5016 5019 5022 5025 5028 5031 5034 5037 5040 5043 5046 5049 5052 5055 5058 5061 5064 5067 5070 5073 5076 5079 5082 5085 5088 5091 5094 5097 5100 5103 5106 5109 5112 5115 5118 5121 5124 5127 5130 5133 5136 5139 5142 5145 5148 5151 5154 5157 5160 5163 5166 5169 5172 5175 5178 5181 5184 5187 5190 5193 5196 5199 5202 5205 5208 5211 5214 5217 5220 5223 5226 5229 5232 5235 5238 5241 5244 5247 5250 5253 5256 5259 5262 5265 5268 5271 5274 5277 5280 5283 5286 5289 5292 5295 5298 5301 5304 5307 5310 5313 5316 5319 5322 5325 5328 5331 5334 5337 5340 5343 5346 5349 5352 5355 5358 5361 5364 5367 5370 5373 5376 5379 5382 5385 5388 5391 5394 5397 5400 5403 5406 5409 5412 5415 5418 5421 5424 5427 5430 5433 5436 5439 5442 5445 5448 5451 5454 5457 5460 5463 5466 5469 5472 5475 5478 5481 5484 5487 5490 5493 5496 5499 5502 5505 5508 5511 5514 5517 5520 5523 5526 5529 5532 5535 5538 5541 5544 5547 5550 5553 5556 5559 5562 5565 5568 5571 5574 5577 5580 5583 5586 5589 5592 5595 5598 5601 5604 5607 5610 5613 5616 5619 5622 5625 5628 5631 5634 5637 5640 5643 5646 5649 5652 5655 5658 5661 5664 5667 5670 5673 5676 5679 5682 5685 5688 5691 5694 5697 5700 5703 5706 5709 5712 5715 5718 5721 5724 5727 5730 5733 5736 5739 5742 5745 5748 5751 5754 5757 5760 5763 5766 5769 5772 5775 5778 5781 5784 5787 5790 5793 5796 5799 5802 5805 5808 5811 5814 5817 5820 5823 5826 5829 5832 5835 5838 5841 5844 5847 5850 5853 5856 5859 5862 5865 5868 5871 5874 5877 5880 5883 5886 5889 5892 5895 5898 5901 5904 5907 5910 5913 5916 5919 5922 5925 5928 5931 5934 5937 5940 5943 5946 5949 5952 5955 5958 5961 5964 5967 5970 5973 5976 5979 5982 5985 5988 5991 5994 5997 6000 6003 6006 6009 6012 6015 6018 6021 6024 6027 6030 6033 6036 6039 6042 6045 6048 6051 6054 6057 6060 6063 6066 6069 6072 6075 6078 6081 6084 6087 6090 6093 6096 6099 6102 6105 6108 6111 6114 6117 6120 6123 6126 6129 6132 6135 6138 6141 6144 6147 6150 6153 6156 6159 6162 6165 6168 6171 6174 6177 6180 6183 6186 6189 6192 6195 6198 6201 6204 6207 6210 6213 6216 6219 6222 6225 6228 6231 6234 6237 6240 6243 6246 6249 6252 6255 6258 6261 6264 6267 6270 6273 6276 6279 6282 6285 6288 6291 6294 6297 6300 6303 6306 6309 6312 6315 6318 6321 6324 6327 6330 6333 6336 6339 6342 6345 6348 6351 6354 6357 6360 6363 6366 6369 6372 6375 6378 6381 6384 6387 6390 6393 6396 6399 6402 6405 6408 6411 6414 6417 6420 6423 6426 6429 6432 6435 6438 6441 6444 6447 6450 6453 6456 6459 6462 6465 6468 6471 6474 6477 6480 6483 6486 6489 6492 6495 6498 6501 6504 6507 6510 6513 6516 6519 6522 6525 6528 6531 6534 6537 6540 6543 6546 6549 6552 6555 6558 6561 6564 6567 6570 6573 6576 6579 6582 6585 6588 6591 6594 6597 6600 6603 6606 6609 6612 6615 6618 6621 6624 6627 6630 6633 6636 6639 6642 6645 6648 6651 6654 6657 6660 6663 6666 6669 6672 6675 6678 6681 6684 6687 6690 6693 6696 6699 6702 6705 6708 6711 6714 6717 6720 6723 6726 6729 6732 6735 6738 6741 6744 6747 6750 6753 6756 6759 6762 6765 6768 6771 6774 6777 6780 6783 6786 6789 6792 6795 6798 6801 6804 6807 6810 6813 6816 6819 6822 6825 6828 6831 6834 6837 6840 6843 6846 6849 6852 6855 6858 6861 6864 6867 6870 6873 6876 6879 6882 6885 6888 6891 6894 6897 6900 6903 6906 6909 6912 6915 6918 6921 6924 6927 6930 6933 6936 6939 6942 6945 6948 6951 6954 6957 6960 6963 6966 6969 6972 6975 6978 6981 6984 6987 6990 6993 6996 6999 7002 7005 7008 7011 7014 7017 7020 7023 7026 7029 7032 7035 7038 7041 7044 7047 7050 7053 7056 7059 7062 7065 7068 7071 7074 7077 7080 7083 7086 7089 7092 7095 7098 7101 7104 7107 7110 7113 7116 7119 7122 7125 7128 7131 7134 7137 7140 7143 7146 7149 7152 7155 7158 7161 7164 7167 7170 7173 7176 7179 7182 7185 7188 7191 7194 7197 7200 7203 7206 7209 7212 7215 7218 7221 7224 7227 7230 7233 7236 7239 7242 7245 7248 7251 7254 7257 7260 7263 7266 7269 7272 7275 7278 7281 7284 7287 7290 7293 7296 7299 7302 7305 7308 7311 7314 7317 7320 7323 7326 7329 7332 7335 7338 7341 7344 7347 7350 7353 7356 7359 7362 7365 7368 7371 7374 7377 7380 7383 7386 7389 7392 7395 7398 7401 7404 7407 7410 7413 7416 7419 7422 7425 7428 7431 7434 7437 7440 7443 7446 7449 7452 7455 7458 7461 7464 7467 7470 7473 7476 7479 7482 7485 7488 7491 7494 7497 7500 7503 7506 7509 7512 7515 7518 7521 7524 7527 7530 7533 7536 7539 7542 7545 7548 7551 7554 7557 7560 7563 7566 7569 7572 7575 7578 7581 7584 7587 7590 7593 7596 7599 7602 7605 7608 7611 7614 7617 7620 7623 7626 7629 7632 7635 7638 7641 7644 7647 7650 7653 7656 7659 7662 7665 7668 7671 7674 7677 7680 7683 7686 7689 7692 7695 7698 7701 7704 7707 7710 7713 7716 7719 7722 7725 7728 7731 7734 7737 7740 7743 7746 7749 7752 7755 7758 7761 7764 7767 7770 7773 7776 7779 7782 7785 7788 7791 7794 7797 7800 7803 7806 7809 7812 7815 7818 7821 7824 7827 7830 7833 7836 7839 7842 7845 7848 7851 7854 7857 7860 7863 7866 7869 7872 7875 7878 7881 7884 7887 7890 7893 7896 7899 7902 7905 7908 7911 7914 7917 7920 7923 7926 7929 7932 7935 7938 7941 7944 7947 7950 7953 7956 7959 7962 7965 7968 7971 7974 7977 7980 7983 7986 7989 7992 7995 7998 8001 8004 8007 8010 8013 8016 8019 8022 8025 8028 8031 8034 8037 8040 8043 8046 8049 8052 8055 8058 8061 8064 8067 8070 8073 8076 8079 8082 8085 8088 8091 8094 8097 8100 8103 8106 8109 8112 8115 8118 8121 8124 8127 8130 8133 8136 8139 8142 8145 8148 8151 8154 8157 8160 8163 8166 8169 8172 8175 8178 8181 8184 8187 8190 8193 8196 8199 8202 8205 8208 8211 8214 8217 8220 8223 8226 8229 8232 8235 8238 8241 8244 8247 8250 8253 8256 8259 8262 8265 8268 8271 8274 8277 8280 8283 8286 8289 8292 8295 8298 8301 8304 8307 8310 8313 8316 8319 8322 8325 8328 8331 8334 8337 8340 8343 8346 8349 8352 8355 8358 8361 8364 8367 8370 8373 8376 8379 8382 8385 8388 8391 8394 8397 8400 8403 8406 8409 8412 8415 8418 8421 8424 8427 8430 8433 8436 8439 8442 8445 8448 8451 8454 8457 8460 8463 8466 8469 8472 8475 8478 8481 8484 8487 8490 8493 8496 8499 8502 8505 8508 8511 8514 8517 8520 8523 8526 8529 8532 8535 8538 8541 8544 8547 8550 8553 8556 8559 8562 8565 8568 8571 8574 8577 8580 8583 8586 8589 8592 8595 8598 8601 8604 8607 8610 8613 8616 8619 8622 8625 8628 8631 8634 8637 8640 8643 8646 8649 8652 8655 8658 8661 8664 8667 8670 8673 8676 8679 8682 8685 8688 8691 8694 8697 8700 8703 8706 8709 8712 8715 8718 8721 8724 8727 8730 8733 8736 8739 8742 8745 8748 8751 8754 8757 8760 8763 8766 8769 8772 8775 8778 8781 8784 8787 8790 8793 8796 8799 8802 8805 8808 8811 8814 8817 8820 8823 8826 8829 8832 8835 8838 8841 8844 8847 8850 8853 8856 8859 8862 8865 8868 8871 8874 8877 8880 8883 8886 8889 8892 8895 8898 8901 8904 8907 8910 8913 8916 8919 8922 8925 8928 8931 8934 8937 8940 8943 8946 8949 8952 8955 8958 8961 8964 8967 8970 8973 8976 8979 8982 8985 8988 8991 8994 8997 9000 9003 9006 9009 9012 9015 9018 9021 9024 9027 9030 9033 9036 9039 9042 9045 9048 9051 9054 9057 9060 9063 9066 9069 9072 9075 9078 9081 9084 9087 9090 9093 9096 9099 9102 9105 9108 9111 9114 9117 9120 9123 9126 9129 9132 9135 9138 9141 9144 9147 9150 9153 9156 9159 9162 9165 9168 9171 9174 9177 9180 9183 9186 9189 9192 9195 9198 9201 9204 9207 9210 9213 9216 9219 9222 9225 9228 9231 9234 9237 9240 9243 9246 9249 9252 9255 9258 9261 9264 9267 9270 9273 9276 9279 9282 9285 9288 9291 9294 9297 9300 9303 9306 9309 9312 9315 9318 9321 9324 9327 9330 9333 9336 9339 9342 9345 9348 9351 9354 9357 9360 9363 9366 9369 9372 9375 9378 9381 9384 9387 9390 9393 9396 9399 9402 9405 9408 9411 9414 9417 9420 9423 9426 9429 9432 9435 9438 9441 9444 9447 9450 9453 9456 9459 9462 9465 9468 9471 9474 9477 9480 9483 9486 9489 9492 9495 9498 9501 9504 9507 9510 9513 9516 9519 9522 9525 9528 9531 9534 9537 9540 9543 9546 9549 9552 9555 9558 9561 9564 9567 9570 9573 9576 9579 9582 9585 9588 9591 9594 9597 9600 9603 9606 9609 9612 9615 9618 9621 9624 9627 9630 9633 9636 9639 9642 9645 9648 9651 9654 9657 9660 9663 9666 9669 9672 9675 9678 9681 9684 9687 9690 9693 9696 9699 9702 9705 9708 9711 9714 9717 9720 9723 9726 9729 9732 9735 9738 9741 9744 9747 9750 9753 9756 9759 9762 9765 9768 9771 9774 9777 9780 9783 9786 9789 9792 9795 9798 9801 9804 9807 9810 9813 9816 9819 9822 9825 9828 9831 9834 9837 9840 9843 9846 9849 9852 9855 9858 9861 9864 9867 9870 9873 9876 9879 9882 9885 9888 9891 9894 9897 9900 9903 9906 9909 9912 9915 9918 9921 9924 9927 9930 9933 9936 9939 9942 9945 9948 9951 9954 9957 9960 9963 9966 9969 9972 9975 9978 9981 9984 9987 9990 9993 9996 9999 10002 10005 10008 10011 10014 10017 10020 10023 10026 10029 10032 10035 10038 10041 10044 10047 10050 10053 10056 10059 10062 10065 10068 10071 10074 10077 10080 10083 10086 10089 10092 10095 10098 10101 10104 10107 10110 10113 10116 10119 10122 10125 10128 10131 10134 10137 10140 10143 10146 10149 10152 10155 10158 10161 10164 10167 10170 10173 10176 10179 10182 10185 10188 10191 10194 10197 10200 10203 10206 10209 10212 10215 10218 10221 10224 10227 10230 10233 10236 10239 10242 10245 10248 10251 10254 10257 10260 10263 10266 10269 10272 10275 10278 10281 10284 10287 10290 10293 10296 10299 10302 10305 10308 10311 10314 10317 10320 10323 10326 10329 10332 10335 10338 10341 10344 10347 10350 10353 10356 10359 10362 10365 10368 10371 10374 10377 10380 10383 10386 10389 10392 10395 10398 10401 10404 10407 10410 10413 10416 10419 10422 10425 10428 10431 10434 10437 10440 10443 10446 10449 10452 10455 10458 10461 10464 10467 10470 10473 10476 10479 10482 10485 10488 10491 10494 10497 10500 10503 10506 10509 10512 10515 10518 10521 10524 10527 10530 10533 10536 10539 10542 10545 10548 10551 10554 10557 10560 10563 10566 10569 10572 10575 10578 10581 10584 10587 10590 10593 10596 10599 10602 10605 10608 10611 10614 10617 10620 10623 10626 10629 10632 10635 10638 10641 10644 10647 10650 10653 10656 10659 10662 10665 10668 10671 10674 10677 10680 10683 10686 10689 10692 10695 10698 10701 10704 10707 10710 10713 10716 10719 10722 10725 10728 10731 10734 10737 10740 10743 10746 10749 10752 10755 10758 10761 10764 10767 10770 10773 10776 10779 10782 10785 10788 10791 10794 10797 10800 10803 10806 10809 10812 10815 10818 10821 10824 10827 10830 10833 10836 10839 10842 10845 10848 10851 10854 10857 10860 10863 10866 10869 10872 10875 10878 10881 10884 10887 10890 10893 10896 10899 10902 10905 10908 10911 10914 10917 10920 10923 10926 10929 10932 10935 10938 10941 10944 10947 10950 10953 10956 10959 10962 10965 10968 10971 10974 10977 10980 10983 10986 10989 10992 10995 10998 11001 11004 11007 11010 11013 11016 11019 11022 11025 11028 11031 11034 11037 11040 11043 11046 11049 11052 11055 11058 11061 11064 11067 11070 11073 11076 11079 11082 11085 11088 11091 11094 11097 11100 11103 11106 11109 11112 11115 11118 11121 11124 11127 11130 11133 11136 11139 11142 11145 11148 11151 11154 11157 11160 11163 11166 11169 11172 11175 11178 11181 11184 11187 11190 11193 11196 11199 11202 11205 11208 11211 11214 11217 11220 11223 11226 11229 11232 11235 11238 11241 11244 11247 11250 11253 11256 11259 11262 11265 11268 11271 11274 11277 11280 11283 11286 11289 11292 11295 11298 11301 11304 11307 11310 11313 11316 11319 11322 11325 11328 11331 11334 11337 11340 11343 11346 11349 11352 11355 11358 11361 11364 11367 11370 11373 11376 11379 11382 11385 11388 11391 11394 11397 11400 11403 11406 11409 11412 11415 11418 11421 11424 11427 11430 11433 11436 11439 11442 11445 11448 11451 11454 11457 11460 11463 11466 11469 11472 11475 11478 11481 11484 11487 11490 11493 11496 11499 11502 11505 11508 11511 11514 11517 11520 11523 11526 11529 11532 11535 11538 11541 11544 11547 11550 11553 11556 11559 11562 11565 11568 11571 11574 11577 11580 11583 11586 11589 11592 11595 11598 11601 11604 11607 11610 11613 11616 11619 11622 11625 11628 11631 11634 11637 11640 11643 11646 11649 11652 11655 11658 11661 11664 11667 11670 11673 11676 11679 11682 11685 11688 11691 11694 11697 11700 11703 11706 11709 11712 11715 11718 11721 11724 11727 11730 11733 11736 11739 11742 11745 11748 11751 11754 11757 11760 11763 11766 11769 11772 11775 11778 11781 11784 11787 11790 11793 11796 11799 11802 11805 11808 11811 11814 11817 11820 11823 11826 11829 11832 11835 11838 11841 11844 11847 11850 11853 11856 11859 11862 11865 11868 11871 11874 11877 11880 11883 11886 11889 11892 11895 11898 11901 11904 11907 11910 11913 11916 11919 11922 11925 11928 11931 11934 11937 11940 11943 11946 11949 11952 11955 11958 11961 11964 11967 11970 11973 11976 11979 11982 11985 11988 11991 11994 11997 12000 12003 12006 12009 12012 12015 12018 12021 12024 12027 12030 12033 12036 12039 12042 12045 12048 12051 12054 12057 12060 12063 12066 12069 12072 12075 12078 12081 12084 12087 12090 12093 12096 12099 12102 12105 12108 12111 12114 12117 12120 12123 12126 12129 12132 12135 12138 12141 12144 12147 12150 12153 12156 12159 12162 12165 12168 12171 12174 12177 12180 12183 12186 12189 12192 12195 12198 12201 12204 12207 12210 12213 12216 12219 12222 12225 12228 12231 12234 12237 12240 12243 12246 12249 12252 12255 12258 12261 12264 12267 12270 12273 12276 12279 12282 12285 12288 12291 12294 12297 12300 12303 12306 12309 12312 12315 12318 12321 12324 12327 12330 12333 12336 12339 12342 12345 12348 12351 12354 12357 12360 12363 12366 12369 12372 12375 12378 12381 12384 12387 12390 12393 12396 12399 12402 12405 12408 12411 12414 12417 12420 12423 12426 12429 12432 12435 12438 12441 12444 12447 12450 12453 12456 12459 12462 12465 12468 12471 12474 12477 12480 12483 12486 12489 12492 12495 12498 12501 12504 12507 12510 12513 12516 12519 12522 12525 12528 12531 12534 12537 12540 12543 12546 12549 12552 12555 12558 12561 12564 12567 12570 12573 12576 12579 12582 12585 12588 12591 12594 12597 12600 12603 12606 12609 12612 12615 12618 12621 12624 12627 12630 12633 12636 12639 12642 12645 12648 12651 12654 12657 12660 12663 12666 12669 12672 12675 12678 12681 12684 12687 12690 12693 12696 12699 12702 12705 12708 12711 12714 12717 12720 12723 12726 12729 12732 12735 12738 12741 12744 12747 12750 12753 12756 12759 12762 12765 12768 12771 12774 12777 12780 12783 12786 12789 12792 12795 12798 12801 12804 12807 12810 12813 12816 12819 12822 12825 12828 12831 12834 12837 12840 12843 12846 12849 12852 12855 12858 12861 12864 12867 12870 12873 12876 12879 12882 12885 12888 12891 12894 12897 12900 12903 12906 12909 12912 12915 12918 12921 12924 12927 12930 12933 12936 12939 12942 12945 12948 12951 12954 12957 12960 12963 12966 12969 12972 12975 12978 12981 12984 12987 12990 12993 12996 12999 13002 13005 13008 13011 13014 13017 13020 13023 13026 13029 13032 13035 13038 13041 13044 13047 13050 13053 13056 13059 13062 13065 13068 13071 13074 13077 13080 13083 13086 13089 13092 13095 13098 13101 13104 13107 13110 13113 13116 13119 13122 13125 13128 13131 13134 13137 13140 13143 13146 13149 13152 13155 13158 13161 13164 13167 13170 13173 13176 13179 13182 13185 13188 13191 13194 13197 13200 13203 13206 13209 13212 13215 13218 13221 13224 13227 13230 13233 13236 13239 13242 13245 13248 13251 13254 13257 13260 13263 13266 13269 13272 13275 13278 13281 13284 13287 13290 13293 13296 13299 13302 13305 13308 13311 13314 13317 13320 13323 13326 13329 13332 13335 13338 13341 13344 13347 13350 13353 13356 13359 13362 13365 13368 13371 13374 13377 13380 13383 13386 13389 13392 13395 13398 13401 13404 13407 13410 13413 13416 13419 13422 13425 13428 13431 13434 13437 13440 13443 13446 13449 13452 13455 13458 13461 13464 13467 13470 13473 13476 13479 13482 13485 13488 13491 13494 13497 13500 13503 13506 13509 13512 13515 13518 13521 13524 13527 13530 13533 13536 13539 13542 13545 13548 13551 13554 13557 13560 13563 13566 13569 13572 13575 13578 13581 13584 13587 13590 13593 13596 13599 13602 13605 13608 13611 13614 13617 13620 13623 13626 13629 13632 13635 13638 13641 13644 13647 13650 13653 13656 13659 13662 13665 13668 13671 13674 13677 13680 13683 13686 13689 13692 13695 13698 13701 13704 13707 13710 13713 13716 13719 13722 13725 13728 13731 13734 13737 13740 13743 13746 13749 13752 13755 13758 13761 13764 13767 13770 13773 13776 13779 13782 13785 13788 13791 13794 13797 13800 13803 13806 13809 13812 13815 13818 13821 13824 13827 13830 13833 13836 13839 13842 13845 13848 13851 13854 13857 13860 13863 13866 13869 13872 13875 13878 13881 13884 13887 13890 13893 13896 13899 13902 13905 13908 13911 13914 13917 13920 13923 13926 13929 13932 13935 13938 13941 13944 13947 13950 13953 13956 13959 13962 13965 13968 13971 13974 13977 13980 13983 13986 13989 13992 13995 13998 14001 14004 14007 14010 14013 14016 14019 14022 14025 14028 14031 14034 14037 14040 14043 14046 14049 14052 14055 14058 14061 14064 14067 14070 14073 14076 14079 14082 14085 14088 14091 14094 14097 14100 14103 14106 14109 14112 14115 14118 14121 14124 14127 14130 14133 14136 14139 14142 14145 14148 14151 14154 14157 14160 14163 14166 14169 14172 14175 14178 14181 14184 14187 14190 14193 14196 14199 14202 14205 14208 14211 14214 14217 14220 14223 14226 14229 14232 14235 14238 14241 14244 14247 14250 14253 14256 14259 14262 14265 14268 14271 14274 14277 14280 14283 14286 14289 14292 14295 14298 14301 14304 14307 14310 14313 14316 14319 14322 14325 14328 14331 14334 14337 14340 14343 14346 14349 14352 14355 14358 14361 14364 14367 14370 14373 14376 14379 14382 14385 14388 14391 14394 14397 14400 14403 14406 14409 14412 14415 14418 14421 14424 14427 14430 14433 14436 14439 14442 14445 14448 14451 14454 14457 14460 14463 14466 14469 14472 14475 14478 14481 14484 14487 14490 14493 14496 14499 14502 14505 14508 14511 14514 14517 14520 14523 14526 14529 14532 14535 14538 14541 14544 14547 14550 14553 14556 14559 14562 14565 14568 14571 14574 14577 14580 14583 14586 14589 14592 14595 14598 14601 14604 14607 14610 14613 14616 14619 14622 14625 14628 14631 14634 14637 14640 14643 14646 14649 14652 14655 14658 14661 14664 14667 14670 14673 14676 14679 14682 14685 14688 14691 14694 14697 14700 14703 14706 14709 14712 14715 14718 14721 14724 14727 14730 14733 14736 14739 14742 14745 14748 14751 14754 14757 14760 14763 14766 14769 14772 14775 14778 14781 14784 14787 14790 14793 14796 14799 14802 14805 14808 14811 14814 14817 14820 14823 14826 14829 14832 14835 14838 14841 14844 14847 14850 14853 14856 14859 14862 14865 14868 14871 14874 14877 14880 14883 14886 14889 14892 14895 14898 14901 14904 14907 14910 14913 14916 14919 14922 14925 14928 14931 14934 14937 14940 14943 14946 14949 14952 14955 14958 14961 14964 14967 14970 14973 14976 14979 14982 14985 14988 14991 14994 14997 15000 
        </DataArray>
        <DataArray type="UInt8" Name="types" format="ascii">
          5 5 5 5 5 5 5 5 5 5 5 5 5 5 5 5 5 5 5 5 5 5 5 5 5 5 5 5 5 5 5 5 5 5 5 5 5 5 5 5 5 5 5 5 5 5 5 5 5 5 5 5 5 5 5 5 5 5 5 5 5 5 5 5 5 5 5 5 5 5 5 5 5 5 5 5 5 5 5 5 5 5 5 5 5 5 5 5 5 5 5 5 5 5 5 5 5 5 5 5 5 5 5 5 5 5 5 5 5 5 5 5 5 5 5 5 5 5 5 5 5 5 5 5 5 5 5 5 5 5 5 5 5 5 5 5 5 5 5 5 5 5 5 5 5 5 5 5 5 5 5 5 5 5 5 5 5 5 5 5 5 5 5 5 5 5 5 5 5 5 5 5 5 5 5 5 5 5 5 5 5 5 5 5 5 5 5 5 5 5 5 5 5 5 5 5 5 5 5 5 5 5 5 5 5 5 5 5 5 5 5 5 5 5 5 5 5 5 5 5 5 5 5 5 5 5 5 5 5 5 5 5 5 5 5 5 5 5 5 5 5 5 5 5 5 5 5 5 5 5 5 5 5 5 5 5 5 5 5 5 5 5 5 5 5 5 5 5 5 5 5 5 5 5 5 5 5 5 5 5 5 5 5 5 5 5 5 5 5 5 5 5 5 5 5 5 5 5 5 5 5 5 5 5 5 5 5 5 5 5 5 5 5 5 5 5 5 5 5 5 5 5 5 5 5 5 5 5 5 5 5 5 5 5 5 5 5 5 5 5 5 5 5 5 5 5 5 5 5 5 5 5 5 5 5 5 5 5 5 5 5 5 5 5 5 5 5 5 5 5 5 5 5 5 5 5 5 5 5 5 5 5 5 5 5 5 5 5 5 5 5 5 5 5 5 5 5 5 5 5 5 5 5 5 5 5 5 5 5 5 5 5 5 5 5 5 5 5 5 5 5 5 5 5 5 5 5 5 5 5 5 5 5 5 5 5 5 5 5 5 5 5 5 5 5 5 5 5 5 5 5 5 5 5 5 5 5 5 5 5 5 5 5 5 5 5 5 5 5 5 5 5 5 5 5 5 5 5 5 5 5 5 5 5 5 5 5 5 5 5 5 5 5 5 5 5 5 5 5 5 5 5 5 5 5 5 5 5 5 5 5 5 5 5 5 5 5 5 5 5 5 5 5 5 5 5 5 5 5 5 5 5 5 5 5 5 5 5 5 5 5 5 5 5 5 5 5 5 5 5 5 5 5 5 5 5 5 5 5 5 5 5 5 5 5 5 5 5 5 5 5 5 5 5 5 5 5 5 5 5 5 5 5 5 5 5 5 5 5 5 5 5 5 5 5 5 5 5 5 5 5 5 5 5 5 5 5 5 5 5 5 5 5 5 5 5 5 5 5 5 5 5 5 5 5 5 5 5 5 5 5 5 5 5 5 5 5 5 5 5 5 5 5 5 5 5 5 5 5 5 5 5 5 5 5 5 5 5 5 5 5 5 5 5 5 5 5 5 5 5 5 5 5 5 5 5 5 5 5 5 5 5 5 5 5 5 5 5 5 5 5 5 5 5 5 5 5 5 5 5 5 5 5 5 5 5 5 5 5 5 5 5 5 5 5 5 5 5 5 5 5 5 5 5 5 5 5 5 5 5 5 5 5 5 5 5 5 5 5 5 5 5 5 5 5 5 5 5 5 5 5 5 5 5 5 5 5 5 5 5 5 5 5 5 5 5 5 5 5 5 5 5 5 5 5 5 5 5 5 5 5 5 5 5 5 5 5 5 5 5 5 5 5 5 5 5 5 5 5 5 5 5 5 5 5 5 5 5 5 5 5 5 5 5 5 5 5 5 5 5 5 5 5 5 5 5 5 5 5 5 5 5 5 5 5 5 5 5 5 5 5 5 5 5 5 5 5 5 5 5 5 5 5 5 5 5 5 5 5 5 5 5 5 5 5 5 5 5 5 5 5 5 5 5 5 5 5 5 5 5 5 5 5 5 5 5 5 5 5 5 5 5 5 5 5 5 5 5 5 5 5 5 5 5 5 5 5 5 5 5 5 5 5 5 5 5 5 5 5 5 5 5 5 5 5 5 5 5 5 5 5 5 5 5 5 5 5 5 5 5 5 5 5 5 5 5 5 5 5 5 5 5 5 5 5 5 5 5 5 5 5 5 5 5 5 5 5 5 5 5 5 5 5 5 5 5 5 5 5 5 5 5 5 5 5 5 5 5 5 5 5 5 5 5 5 5 5 5 5 5 5 5 5 5 5 5 5 5 5 5 5 5 5 5 5 5 5 5 5 5 5 5 5 5 5 5 5 5 5 5 5 5 5 5 5 5 5 5 5 5 5 5 5 5 5 5 5 5 5 5 5 5 5 5 5 5 5 5 5 5 5 5 5 5 5 5 5 5 5 5 5 5 5 5 5 5 5 5 5 5 5 5 5 5 5 5 5 5 5 5 5 5 5 5 5 5 5 5 5 5 5 5 5 5 5 5 5 5 5 5 5 5 5 5 5 5 5 5 5 5 5 5 5 5 5 5 5 5 5 5 5 5 5 5 5 5 5 5 5 5 5 5 5 5 5 5 5 5 5 5 5 5 5 5 5 5 5 5 5 5 5 5 5 5 5 5 5 5 5 5 5 5 5 5 5 5 5 5 5 5 5 5 5 5 5 5 5 5 5 5 5 5 5 5 5 5 5 5 5 5 5 5 5 5 5 5 5 5 5 5 5 5 5 5 5 5 5 5 5 5 5 5 5 5 5 5 5 5 5 5 5 5 5 5 5 5 5 5 5 5 5 5 5 5 5 5 5 5 5 5 5 5 5 5 5 5 5 5 5 5 5 5 5 5 5 5 5 5 5 5 5 5 5 5 5 5 5 5 5 5 5 5 5 5 5 5 5 5 5 5 5 5 5 5 5 5 5 5 5 5 5 5 5 5 5 5 5 5 5 5 5 5 5 5 5 5 5 5 5 5 5 5 5 5 5 5 5 5 5 5 5 5 5 5 5 5 5 5 5 5 5 5 5 5 5 5 5 5 5 5 5 5 5 5 5 5 5 5 5 5 5 5 5 5 5 5 5 5 5 5 5 5 5 5 5 5 5 5 5 5 5 5 5 5 5 5 5 5 5 5 5 5 5 5 5 5 5 5 5 5 5 5 5 5 5 5 5 5 5 5 5 5 5 5 5 5 5 5 5 5 5 5 5 5 5 5 5 5 5 5 5 5 5 5 5 5 5 5 5 5 5 5 5 5 5 5 5 5 5 5 5 5 5 5 5 5 5 5 5 5 5 5 5 5 5 5 5 5 5 5 5 5 5 5 5 5 5 5 5 5 5 5 5 5 5 5 5 5 5 5 5 5 5 5 5 5 5 5 5 5 5 5 5 5 5 5 5 5 5 5 5 5 5 5 5 5 5 5 5 5 5 5 5 5 5 5 5 5 5 5 5 5 5 5 5 5 5 5 5 5 5 5 5 5 5 5 5 5 5 5 5 5 5 5 5 5 5 5 5 5 5 5 5 5 5 5 5 5 5 5 5 5 5 5 5 5 5 5 5 5 5 5 5 5 5 5 5 5 5 5 5 5 5 5 5 5 5 5 5 5 5 5 5 5 5 5 5 5 5 5 5 5 5 5 5 5 5 5 5 5 5 5 5 5 5 5 5 5 5 5 5 5 5 5 5 5 5 5 5 5 5 5 5 5 5 5 5 5 5 5 5 5 5 5 5 5 5 5 5 5 5 5 5 5 5 5 5 5 5 5 5 5 5 5 5 5 5 5 5 5 5 5 5 5 5 5 5 5 5 5 5 5 5 5 5 5 5 5 5 5 5 5 5 5 5 5 5 5 5 5 5 5 5 5 5 5 5 5 5 5 5 5 5 5 5 5 5 5 5 5 5 5 5 5 5 5 5 5 5 5 5 5 5 5 5 5 5 5 5 5 5 5 5 5 5 5 5 5 5 5 5 5 5 5 5 5 5 5 5 5 5 5 5 5 5 5 5 5 5 5 5 5 5 5 5 5 5 5 5 5 5 5 5 5 5 5 5 5 5 5 5 5 5 5 5 5 5 5 5 5 5 5 5 5 5 5 5 5 5 5 5 5 5 5 5 5 5 5 5 5 5 5 5 5 5 5 5 5 5 5 5 5 5 5 5 5 5 5 5 5 5 5 5 5 5 5 5 5 5 5 5 5 5 5 5 5 5 5 5 5 5 5 5 5 5 5 5 5 5 5 5 5 5 5 5 5 5 5 5 5 5 5 5 5 5 5 5 5 5 5 5 5 5 5 5 5 5 5 5 5 5 5 5 5 5 5 5 5 5 5 5 5 5 5 5 5 5 5 5 5 5 5 5 5 5 5 5 5 5 5 5 5 5 5 5 5 5 5 5 5 5 5 5 5 5 5 5 5 5 5 5 5 5 5 5 5 5 5 5 5 5 5 5 5 5 5 5 5 5 5 5 5 5 5 5 5 5 5 5 5 5 5 5 5 5 5 5 5 5 5 5 5 5 5 5 5 5 5 5 5 5 5 5 5 5 5 5 5 5 5 5 5 5 5 5 5 5 5 5 5 5 5 5 5 5 5 5 5 5 5 5 5 5 5 5 5 5 5 5 5 5 5 5 5 5 5 5 5 5 5 5 5 5 5 5 5 5 5 5 5 5 5 5 5 5 5 5 5 5 5 5 5 5 5 5 5 5 5 5 5 5 5 5 5 5 5 5 5 5 5 5 5 5 5 5 5 5 5 5 5 5 5 5 5 5 5 5 5 5 5 5 5 5 5 5 5 5 5 5 5 5 5 5 5 5 5 5 5 5 5 5 5 5 5 5 5 5 5 5 5 5 5 5 5 5 5 5 5 5 5 5 5 5 5 5 5 5 5 5 5 5 5 5 5 5 5 5 5 5 5 5 5 5 5 5 5 5 5 5 5 5 5 5 5 5 5 5 5 5 5 5 5 5 5 5 5 5 5 5 5 5 5 5 5 5 5 5 5 5 5 5 5 5 5 5 5 5 5 5 5 5 5 5 5 5 5 5 5 5 5 5 5 5 5 5 5 5 5 5 5 5 5 5 5 5 5 5 5 5 5 5 5 5 5 5 5 5 5 5 5 5 5 5 5 5 5 5 5 5 5 5 5 5 5 5 5 5 5 5 5 5 5 5 5 5 5 5 5 5 5 5 5 5 5 5 5 5 5 5 5 5 5 5 5 5 5 5 5 5 5 5 5 5 5 5 5 5 5 5 5 5 5 5 5 5 5 5 5 5 5 5 5 5 5 5 5 5 5 5 5 5 5 5 5 5 5 5 5 5 5 5 5 5 5 5 5 5 5 5 5 5 5 5 5 5 5 5 5 5 5 5 5 5 5 5 5 5 5 5 5 5 5 5 5 5 5 5 5 5 5 5 5 5 5 5 5 5 5 5 5 5 5 5 5 5 5 5 5 5 5 5 5 5 5 5 5 5 5 5 5 5 5 5 5 5 5 5 5 5 5 5 5 5 5 5 5 5 5 5 5 5 5 5 5 5 5 5 5 5 5 5 5 5 5 5 5 5 5 5 5 5 5 5 5 5 5 5 5 5 5 5 5 5 5 5 5 5 5 5 5 5 5 5 5 5 5 5 5 5 5 5 5 5 5 5 5 5 5 5 5 5 5 5 5 5 5 5 5 5 5 5 5 5 5 5 5 5 5 5 5 5 5 5 5 5 5 5 5 5 5 5 5 5 5 5 5 5 5 5 5 5 5 5 5 5 5 5 5 5 5 5 5 5 5 5 5 5 5 5 5 5 5 5 5 5 5 5 5 5 5 5 5 5 5 5 5 5 5 5 5 5 5 5 5 5 5 5 5 5 5 5 5 5 5 5 5 5 5 5 5 5 5 5 5 5 5 5 5 5 5 5 5 5 5 5 5 5 5 5 5 5 5 5 5 5 5 5 5 5 5 5 5 5 5 5 5 5 5 5 5 5 5 5 5 5 5 5 5 5 5 5 5 5 5 5 5 5 5 5 5 5 5 5 5 5 5 5 5 5 5 5 5 5 5 5 5 5 5 5 5 5 5 5 5 5 5 5 5 5 5 5 5 5 5 5 5 5 5 5 5 5 5 5 5 5 5 5 5 5 5 5 5 5 5 5 5 5 5 5 5 5 5 5 5 5 5 5 5 5 5 5 5 5 5 5 5 5 5 5 5 5 5 5 5 5 5 5 5 5 5 5 5 5 5 5 5 5 5 5 5 5 5 5 5 5 5 5 5 5 5 5 5 5 5 5 5 5 5 5 5 5 5 5 5 5 5 5 5 5 5 5 5 5 5 5 5 5 5 5 5 5 5 5 5 5 5 5 5 5 5 5 5 5 5 5 5 5 5 5 5 5 5 5 5 5 5 5 5 5 5 5 5 5 5 5 5 5 5 5 5 5 5 5 5 5 5 5 5 5 5 5 5 5 5 5 5 5 5 5 5 5 5 5 5 5 5 5 5 5 5 5 5 5 5 5 5 5 5 5 5 5 5 5 5 5 5 5 5 5 5 5 5 5 5 5 5 5 5 5 5 5 5 5 5 5 5 5 5 5 5 5 5 5 5 5 5 5 5 5 5 5 5 5 5 5 5 5 5 5 5 5 5 5 5 5 5 5 5 5 5 5 5 5 5 5 5 5 5 5 5 5 5 5 5 5 5 5 5 5 5 5 5 5 5 5 5 5 5 5 5 5 5 5 5 5 5 5 5 5 5 5 5 5 5 5 5 5 5 5 5 5 5 5 5 5 5 5 5 5 5 5 5 5 5 5 5 5 5 5 5 5 5 5 5 5 5 5 5 5 5 5 5 5 5 5 5 5 5 5 5 5 5 5 5 5 5 5 5 5 5 5 5 5 5 5 5 5 5 5 5 5 5 5 5 5 5 5 5 5 5 5 5 5 5 5 5 5 5 5 5 5 5 5 5 5 5 5 5 5 5 5 5 5 5 5 5 5 5 5 5 5 5 5 5 5 5 5 5 5 5 5 5 5 5 5 5 5 5 5 5 5 5 5 5 5 5 5 5 5 5 5 5 5 5 5 5 5 5 5 5 5 5 5 5 5 5 5 5 5 5 5 5 5 5 5 5 5 5 5 5 5 5 5 5 5 5 5 5 5 5 5 5 5 5 5 5 5 5 5 5 5 5 5 5 5 5 5 5 5 5 5 5 5 5 5 5 5 5 5 5 5 5 5 5 5 5 5 5 5 5 5 5 5 5 5 5 5 5 5 5 5 5 5 5 5 5 5 5 5 5 5 5 5 5 5 5 5 5 5 5 5 5 5 5 5 5 5 5 5 5 5 5 5 5 5 5 5 5 5 5 5 5 5 5 5 5 5 5 5 5 5 5 5 5 5 5 5 5 5 5 5 5 5 5 5 5 5 5 5 5 5 5 5 5 5 5 5 5 5 5 5 5 5 5 5 5 5 5 5 5 5 5 5 5 5 5 5 5 5 5 5 5 5 5 5 5 5 5 5 5 5 5 5 5 5 5 5 5 5 5 5 5 5 5 5 5 5 5 5 5 5 5 5 5 5 5 5 5 5 5 5 5 5 5 5 5 5 5 5 5 5 5 5 5 5 5 5 5 5 5 5 5 5 5 5 5 5 5 5 5 5 5 5 5 5 5 5 5 5 5 5 5 5 5 5 5 5 5 5 5 5 5 5 5 5 5 5 5 5 5 5 5 5 5 5 5 5 5 5 5 5 5 5 5 5 5 5 5 5 5 5 5 5 5 5 5 5 5 5 5 5 5 5 5 5 5 5 5 5 5 5 5 5 5 5 5 5 5 5 5 5 5 5 5 5 5 5 5 5 5 5 5 5 5 5 5 5 5 5 5 5 5 5 5 5 5 5 5 5 5 5 5 5 5 5 5 5 5 5 5 5 5 5 5 5 5 5 5 5 5 5 5 5 5 5 5 5 5 5 5 5 5 5 5 5 5 5 5 5 5 5 5 5 5 5 5 5 5 5 5 5 5 5 5 5 5 5 5 5 5 5 5 5 5 5 5 5 5 5 5 5 5 5 5 5 5 5 5 5 5 5 5 5 5 5 5 5 5 5 5 5 5 5 5 5 5 5 5 5 5 5 5 5 5 5 5 5 5 5 5 5 5 5 5 5 5 5 5 5 5 5 5 5 5 5 5 5 5 5 5 5 5 5 5 5 5 5 5 5 5 5 5 5 5 5 5 5 5 5 5 5 5 5 5 5 5 5 5 5 5 5 5 5 5 5 5 5 5 5 5 5 5 5 5 5 5 5 5 5 5 5 5 5 5 5 5 5 5 5 5 5 5 5 5 5 5 5 5 5 5 5 5 5 5 5 5 5 5 5 5 5 5 5 5 5 5 5 5 5 5 5 5 5 5 5 5 5 5 5 5 5 5 5 5 5 5 5 5 5 5 5 5 5 5 5 5 5 5 5 5 5 5 5 5 5 5 5 5 5 5 5 5 5 5 5 5 5 5 5 5 5 5 5 5 5 5 5 5 5 5 5 5 5 5 5 5 5 5 5 5 5 5 5 5 5 5 5 5 5 5 5 5 5 5 5 5 5 5 5 5 5 5 5 5 5 5 5 5 5 5 5 5 5 5 5 5 5 5 5 5 5 5 5 5 5 5 5 5 5 5 5 5 5 5 5 5 5 5 5 5 5 5 5 5 5 5 5 5 5 5 5 5 5 5 5 5 5 5 5 5 5 5 5 5 5 5 5 5 5 5 5 5 5 5 5 5 5 5 5 5 5 5 5 5 5 5 5 5 5 5 5 5 5 5 5 5 5 5 5 5 5 5 5 5 5 5 5 5 5 5 5 5 5 5 5 5 5 5 5 5 5 5 5 5 5 5 5 5 5 5 5 5 5 5 5 5 5 5 5 5 5 5 5 5 5 5 5 5 5 5 5 5 5 5 5 5 5 5 5 5 5 5 5 5 5 5 5 5 5 5 5 5 5 5 5 5 5 5 5 5 5 5 5 5 5 5 5 5 5 5 5 5 5 5 5 5 5 5 5 5 5 5 5 5 5 5 5 5 5 5 5 5 5 5 5 5 5 5 5 5 5 5 5 5 5 5 5 5 5 5 5 5 5 5 5 5 5 5 5 5 5 5 5 5 5 5 5 5 5 5 5 5 5 5 5 5 5 5 5 5 5 5 5 5 5 5 5 5 5 5 5 5 5 5 5 5 5 5 5 5 5 5 5 5 5 5 5 5 5 5 5 5 5 5 5 5 5 5 5 5 5 5 5 5 5 5 5 5 5 5 5 5 5 5 5 5 5 5 5 5 5 5 5 5 5 5 5 5 5 5 5 5 5 5 5 5 5 5 5 5 5 5 5 5 5 5 5 5 5 5 5 5 5 5 5 5 5 5 5 5 5 5 5 5 5 5 5 5 5 5 5 5 5 5 5 5 5 5 5 5 5 5 5 5 5 5 5 5 5 5 5 5 5 5 5 5 5 5 5 5 5 5 5 5 5 5 5 5 5 5 5 5 5 5 5 5 5 5 5 5 5 5 5 5 5 5 5 5 5 5 5 5 5 5 5 5 5 5 5 5 5 5 5 5 5 5 5 5 5 5 5 5 5 5 5 5 5 5 5 5 5 5 5 5 5 5 5 5 5 5 5 5 5 5 5 5 5 5 5 5 5 5 5 5 5 5 5 5 5 5 5 5 5 5 5 5 5 5 5 5 5 5 5 5 5 5 5 5 5 5 5 5 5 5 5 5 5 5 5 5 5 5 5 5 5 5 5 5 5 5 5 5 5 5 5 5 5 5 5 5 5 5 5 5 5 5 5 5 5 5 5 5 5 5 5 5 5 5 5 5 5 5 5 5 5 5 5 5 5 5 5 5 5 5 5 5 5 5 5 5 5 5 5 5 5 5 5 5 5 5 5 5 5 5 5 5 5 5 5 5 5 5 5 5 5 5 5 5 5 5 5 5 5 5 5 5 5 5 5 5 5 5 5 5 5 5 5 5 5 5 5 5 5 5 5 5 5 5 5 5 5 5 5 5 5 5 5 5 5 5 5 5 5 5 5 5 5 5 5 5 5 5 5 5 5 5 5 5 5 5 5 5 5 5 5 5 5 5 5 5 5 5 5 5 5 5 5 5 5 5 5 5 5 5 5 5 5 5 5 5 5 5 5 5 5 5 5 5 5 5 5 5 5 5 5 5 5 5 5 5 5 5 5 5 5 5 5 5 5 5 5 5 5 5 5 5 5 5 5 5 5 5 5 5 5 5 5 5 5 5 5 5 5 5 5 5 5 5 5 5 5 5 5 5 5 5 5 5 5 5 5 5 5 5 5 5 5 5 5 5 5 5 5 5 5 5 5 5 5 5 5 5 5 5 5 5 5 5 5 5 5 5 5 5 5 5 5 5 5 5 5 5 5 5 5 5 5 5 5 5 5 5 5 5 5 5 5 5 5 5 5 5 5 5 5 5 5 5 5 5 5 5 5 5 5 5 5 5 5 5 5 5 5 5 5 5 5 5 5 5 5 5 5 5 5 5 5 5 5 5 5 5 5 5 5 5 5 5 5 5 5 5 5 5 5 5 5 5 5 5 5 5 5 5 5 5 5 5 5 5 5 5 5 5 5 5 5 5 5 5 5 5 5 5 5 5 5 5 5 5 5 5 5 5 5 5 5 5 5 5 5 5 5 5 5 5 5 5 5 5 5 5 5 5 5 5 5 5 5 5 5 5 5 5 5 5 5 5 5 5 5 5 5 5 5 5 5 5 5 5 5 5 5 5 5 5 5 5 5 5 5 5 5 5 5 5 5 5 5 5 5 5 5 5 5 5 5 5 5 5 5 5 5 5 5 5 5 5 5 5 5 5 5 5 5 5 5 5 5 5 5 5 5 5 5 5 5 5 5 5 5 5 5 5 5 5 5 5 5 5 5 5 5 5 5 5 5 5 5 5 5 5 5 5 5 5 5 5 5 5 5 5 5 5 5 5 5 5 5 5 5 5 5 5 5 5 5 5 5 5 5 5 5 5 5 5 5 5 5 5 5 5 5 5 5 5 5 5 5 5 5 5 5 5 5 5 5 5 5 5 5 5 5 5 5 5 5 5 5 5 5 5 5 5 5 5 5 5 5 5 5 5 5 5 5 5 5 5 5 5 5 5 5 5 5 5 5 5 5 5 5 5 5 5 5 5 5 5 5 5 5 5 5 5 5 5 5 5 5 5 5 5 5 5 5 5 5 5 5 5 5 5 5 5 5 5 5 5 5 5 
        </DataArray>
      </Cells>
    </Piece>
  </UnstructuredGrid>
</VTKFile>
